,NOMBREDD,NOMBREPV,NOMBREDI,CONGLOMERADO,NSELUA,UA,percentSoldProduction,percentFarmGateIncomes,percentPlantedArea,districtTimeToLimaMarket,districtTimeToProvinceCapitalOfRegion,provinceCapitalToLimaMarket,informalPriceInformation,formalPriceInformation,informalMetereologicalInformation,formalMetereologicalInformation,volumeOfDistrict,soldProduction,yield,associative,pointsOfSale,marketSize,marketChannelDirectedness,farmGatePricePerKg
0,AMAZONAS,CHACHAPOYAS,LA JALCA,5517,113,13,0.30435841246652057,0.3510716925351072,0.125,2.17,0.183,2.03,0,0,0,0,0.0116,0.05,1.17,0.0,0.0,2,1,1.9
1,AMAZONAS,CHACHAPOYAS,LEVANTO,5507,61,9,0.9505703422053232,0.9880028228652082,0.5813953488372092,2.14,0.098,2.03,0,0,0,0,0.01024,0.0875,1.95,1.0,0.0,2,2,0.8
2,AMAZONAS,LUYA,CONILA,5413,14,2,1.0,1.0,1.0,2.12,0.52,2.03,1,0,0,0,0.04805,0.06,1.4,0.0,0.0,2,2,0.8
3,AMAZONAS,LUYA,LAMUD,5425,62,10,0.7838867719107242,0.7051633628457259,0.5,2.1,0.12,2.03,0,0,0,0,0.0364,0.09,1.05,0.0,0.0,2,2,1.0
4,AMAZONAS,LUYA,LUYA,5430,14,1,1.0,1.0,1.0,2.18,0.092,2.03,1,0,0,0,0.05025,0.0675,1.6,0.0,0.0,2,2,0.52
5,AMAZONAS,LUYA,LUYA,5430,87,8,0.6451612903225806,0.6993006993006993,0.6818181818181818,2.18,0.092,2.03,0,0,0,0,0.05025,0.05,1.6666666666666667,0.0,0.0,2,2,1.0
6,AMAZONAS,LUYA,LUYA,5430,115,11,0.4482758620689655,0.18840579710144928,0.5555555555555556,2.18,0.092,2.03,1,0,0,0,0.05025,0.065,1.6,0.0,0.0,2,2,0.4
7,AMAZONAS,LUYA,SAN JERÓNIMO,5422,36,4,0.9427275304791608,0.8598598598598599,0.5625,2.07,0.188,2.03,1,1,0,0,0.00665,0.0665,2.155555555555556,0.0,0.0,2,2,1.9
8,APURIMAC,ABANCAY,HUANIPACA,14983,97,12,0.992063492063492,0.9375,0.7317073170731707,1.84,0.187,1.65,1,0,0,0,0.05807999999999999,0.05,2.333333333333333,0.0,0.0,2,2,1.2
9,APURIMAC,ANDAHUAYLAS,ANDAHUAYLAS,14781,71,11,0.8333333333333334,0.6129032258064516,0.5625,1.33,0.312,1.65,1,1,0,0,0.1594035,0.07200000000000001,2.0,0.0,1.52,1,2,1.2888888888888888
10,APURIMAC,ANDAHUAYLAS,ANDAHUAYLAS,14795,15,3,0.9714285714285714,0.7956795679567957,0.68,1.33,0.312,1.65,0,0,0,0,0.1594035,0.051,0.1764705882352941,0.0,1.52,1,3,0.3466666666666667
11,APURIMAC,ANDAHUAYLAS,ANDAHUAYLAS,14795,79,10,0.9287531806615776,0.6616825252982933,0.4984025559105432,1.33,0.312,1.65,1,0,0,0,0.1594035,0.073,1.1538461538461535,0.0,1.52,1,2,1.3199999999999998
12,APURIMAC,ANDAHUAYLAS,ANDAHUAYLAS,14798,28,4,0.8638343820977771,0.4449458483754513,0.4384057971014493,1.33,0.312,1.65,1,1,1,1,0.1594035,0.057999999999999996,1.256198347107438,0.0,1.52,1,3,0.51
13,APURIMAC,ANDAHUAYLAS,ANDAHUAYLAS,14798,70,11,0.564622641509434,0.4923300500565154,0.4764705882352941,1.33,0.312,1.65,1,0,0,0,0.1594035,0.05985,1.2314814814814814,1.0,1.52,2,1,1.0210526315789474
14,APURIMAC,ANDAHUAYLAS,ANDAHUAYLAS,14799,24,4,1.0,1.0,0.8620689655172414,1.33,0.312,1.65,1,1,0,0,0.1594035,0.0635,1.76,0.0,1.52,2,3,0.5
15,APURIMAC,ANDAHUAYLAS,ANDAHUAYLAS,14799,61,8,0.8990536277602523,0.8856432566811684,0.8960573476702508,1.33,0.312,1.65,1,1,0,0,0.1594035,0.07125,1.9,0.0,1.52,1,3,1.0
16,APURIMAC,ANDAHUAYLAS,ANDAHUAYLAS,14799,76,10,0.8287869994196171,0.3796004206098844,0.4444444444444445,1.33,0.312,1.65,1,1,0,0,0.1594035,0.0714,1.1,1.0,1.52,1,2,1.0625
17,APURIMAC,ANDAHUAYLAS,ANDAHUAYLAS,14799,108,14,1.0,1.0,1.0,1.33,0.312,1.65,1,0,0,0,0.1594035,0.08061499999999999,1.058,0.0,1.52,2,1,0.7827921482296827
18,APURIMAC,ANDAHUAYLAS,HUANCARAMA,14678,103,8,0.7180156657963447,0.7635467980295566,0.7142857142857143,1.54,0.102,1.65,1,0,0,0,0.014325,0.055,0.172,0.0,0.07,1,2,1.53
19,APURIMAC,ANDAHUAYLAS,HUANCARAMA,14678,148,12,1.0,1.0,0.9580838323353292,1.54,0.102,1.65,1,0,0,0,0.014325,0.08125,1.2575,0.0,0.07,1,2,1.3961956521739132
20,APURIMAC,ANDAHUAYLAS,HUANCARAY,14881,58,6,1.0,1.0,1.0,1.45,0.435,1.65,1,0,0,0,0.04253,0.06,2.3076923076923075,0.0,0.0,2,1,0.5
21,APURIMAC,ANDAHUAYLAS,HUANCARAY,14881,77,8,1.0,1.0,0.32098765432098764,1.45,0.435,1.65,1,0,0,0,0.04253,0.06,5.365384615384615,1.0,0.0,2,1,1.978721804511278
22,APURIMAC,ANDAHUAYLAS,KISHUARA,14695,75,9,0.9757575757575756,0.9589041095890408,0.6666666666666666,1.42,0.215,1.65,1,0,0,0,0.072401,0.0644,0.736,0.0,0.0,1,1,0.8695652173913043
23,APURIMAC,ANDAHUAYLAS,KISHUARA,14696,22,4,0.6990424076607387,0.6967213114754098,0.5454545454545454,1.42,0.215,1.65,1,0,0,0,0.072401,0.0511,1.26,0.0,0.0,1,2,1.7644736842105264
24,APURIMAC,ANDAHUAYLAS,KISHUARA,14696,121,13,1.0,1.0,1.0,1.42,0.215,1.65,1,0,0,0,0.072401,0.075,1.56,0.0,0.0,2,2,0.6
25,APURIMAC,ANDAHUAYLAS,PACUCHA,14713,33,5,0.6132989025177534,0.2846015578190533,0.22058823529411764,1.37,0.303,1.65,1,0,0,0,0.21847800000000003,0.095,1.4,1.0,0.0,1,3,0.5
26,APURIMAC,ANDAHUAYLAS,PACUCHA,14722,26,3,1.0,1.0,0.8163265306122449,1.37,0.303,1.65,1,1,1,1,0.21847800000000003,0.05,1.3166666666666669,0.0,0.0,2,2,1.462
27,APURIMAC,ANDAHUAYLAS,PACUCHA,14722,116,12,0.8583333333333333,0.8235294117647058,0.8215010141987829,1.37,0.303,1.65,1,1,1,1,0.21847800000000003,0.09476,1.1017283950617285,0.0,0.0,2,1,1.1739130434782608
28,APURIMAC,ANDAHUAYLAS,PACUCHA,14722,150,14,0.8674351585014409,0.4673768308921438,0.5114656031904288,1.37,0.303,1.65,1,1,1,1,0.21847800000000003,0.0903,1.301169590643275,0.0,0.0,1,2,0.8401515151515151
29,APURIMAC,ANDAHUAYLAS,SAN JERONIMO,14734,21,3,1.0,1.0,0.6644518272425249,1.34,0.303,1.65,1,0,0,0,0.166757,0.0644,0.207,1.0,0.0,1,1,1.3478260869565215
30,APURIMAC,ANDAHUAYLAS,SAN JERONIMO,14734,33,5,1.0,1.0,0.9090909090909092,1.34,0.303,1.65,1,1,0,0,0.166757,0.0552,0.092,0.0,0.0,2,1,0.4891304347826087
31,APURIMAC,ANDAHUAYLAS,SAN JERONIMO,14755,7,2,0.2256589240582501,0.21865889212827988,0.1826150474799124,1.34,0.303,1.65,1,0,0,0,0.166757,0.075,2.0,0.0,0.0,2,2,0.64
32,APURIMAC,ANDAHUAYLAS,SAN JERONIMO,14755,38,7,0.625,0.8771929824561403,0.7916666666666666,1.34,0.303,1.65,1,0,0,0,0.166757,0.07,1.2421052631578948,0.0,0.0,1,2,1.44
33,APURIMAC,ANDAHUAYLAS,SAN JERONIMO,14755,55,9,0.9835805504878242,1.0,0.4761904761904762,1.34,0.303,1.65,1,0,0,0,0.166757,0.062,1.8559999999999999,0.0,0.0,1,2,1.155
34,APURIMAC,ANDAHUAYLAS,SAN JERONIMO,14758,58,7,0.475,0.4357142857142857,0.4074074074074073,1.34,0.303,1.65,1,0,0,0,0.166757,0.0874,1.84,0.0,0.0,1,1,1.1304347826086956
35,APURIMAC,ANDAHUAYLAS,SANTA MARIA DE CHICMO,14842,75,10,0.9860738690424704,0.9768329938900204,0.8763109895120839,1.26,0.373,1.65,1,1,1,1,0.1252165,0.057,0.00010016911669051644,0.0,0.02,1,2,1.3451428571428572
36,APURIMAC,ANDAHUAYLAS,TALAVERA,14825,50,5,1.0,1.0,0.9090909090909092,1.31,0.33299999999999996,1.65,1,1,0,0,0.137992,0.0765,1.71,0.0,0.32,1,3,0.7777777777777778
37,APURIMAC,ANDAHUAYLAS,TALAVERA,14825,147,14,0.945010183299389,0.8249051833122629,0.5439524124256444,1.31,0.33299999999999996,1.65,1,1,0,0,0.137992,0.057999999999999996,0.7290400972053463,0.0,0.32,2,2,0.9
38,APURIMAC,ANDAHUAYLAS,TALAVERA,14838,13,3,1.0,1.0,1.0,1.31,0.33299999999999996,1.65,1,1,1,1,0.137992,0.07455,1.3611111111111112,0.0,0.32,2,1,0.9523809523809524
39,APURIMAC,ANDAHUAYLAS,TALAVERA,14838,53,9,0.8422678138098391,0.5581171950048031,0.3560606060606061,1.31,0.33299999999999996,1.65,1,1,1,1,0.137992,0.07636,0.6851063829787234,0.0,0.32,2,1,0.4565217391304348
40,APURIMAC,CHINCHEROS,URANMARCA,14632,5,1,0.943248532289628,0.9729486023444543,0.6521739130434783,1.15,0.488,1.65,1,0,0,0,0.0202515,0.05542999999999999,0.1824666666666667,0.0,0.0,1,1,2.8695652173913047
41,APURIMAC,CHINCHEROS,URANMARCA,14632,109,11,1.0,1.0,0.8421052631578947,1.15,0.488,1.65,1,0,0,0,0.0202515,0.08855,0.000184359375,0.0,0.0,1,1,2.347826086956522
42,APURIMAC,GRAU,SAN ANTONIO,15129,3,1,0.8750908250214677,0.8655146506386175,0.423728813559322,2.02,0.39,1.65,1,0,0,0,0.007816,0.06624,0.736,0.0,0.0,1,4,1.7391304347826086
43,AREQUIPA,AREQUIPA,CHIGUATA,18885,76,11,0.6994818652849741,0.6108597285067874,0.2727272727272728,1.5,0.073,1.49,1,1,0,0,0.01135,0.054000000000000006,0.64,0.0,0.0,1,3,1.0
44,AREQUIPA,AREQUIPA,SACHACA,18870,3,1,0.3783783783783784,0.12121212121212124,0.18186783178590926,1.4300000000000002,0.02,1.49,0,0,0,0,0.0247,0.07,2.132132132132132,0.0,0.0,1,2,1.0
45,AREQUIPA,AREQUIPA,SACHACA,18876,39,6,0.31287365484256674,0.13204373423044574,0.28169014084507044,1.4300000000000002,0.02,1.49,0,0,0,0,0.0247,0.0785,2.0,0.0,0.0,1,2,0.5
46,AREQUIPA,AREQUIPA,SACHACA,18876,65,10,0.8140495867768595,0.5409964692036092,0.5,1.4300000000000002,0.02,1.49,0,0,0,0,0.0247,0.0985,4.016064257028113,0.0,0.0,1,1,0.7
47,AREQUIPA,CARAVELI,CARAVELI,18522,38,4,0.2909090909090909,0.4776119402985074,0.5,1.1,0.662,1.49,0,0,0,0,0.008,0.08,1.64,1.0,0.0,1,1,1.0
48,AREQUIPA,CASTILLA,ANDAGUA,18611,45,7,1.0,1.0,0.8888888888888888,1.77,0.7070000000000001,1.49,1,1,0,0,0.013999999999999999,0.06,0.35,0.0,0.0,1,1,0.8
49,AREQUIPA,CASTILLA,CHACHAS,18616,47,5,0.859375,0.7096774193548387,0.5,1.7,0.613,1.49,1,1,0,0,0.0101,0.055,0.6645569620253164,0.0,0.0,1,3,1.2
50,AREQUIPA,CASTILLA,MACHAGUAY,18624,37,6,0.2427184466019417,1.0,1.0,1.5699999999999998,0.52,1.49,1,1,0,0,0.161,0.05,0.4666666666666667,0.0,0.0,1,1,1.1
51,AREQUIPA,CASTILLA,MACHAGUAY,18624,56,10,0.7857142857142857,0.55,0.5226480836236934,1.5699999999999998,0.52,1.49,1,1,0,0,0.161,0.055,0.4,0.0,0.0,1,3,1.0
52,AREQUIPA,CASTILLA,PAMPACOLCA,18637,80,11,0.972972972972973,0.8901098901098901,0.6666666666666666,1.5699999999999998,0.528,1.49,1,0,0,0,0.0108,0.09,0.46,0.0,0.0,2,2,0.9
53,AREQUIPA,CAYLLOMA,ACHOMA,18727,62,6,0.5607476635514018,0.3138075313807531,0.3235294117647059,1.64,0.327,1.49,1,1,1,1,0.10619,0.09,0.00013636363636363631,0.0,0.0,1,2,0.5
54,AREQUIPA,CAYLLOMA,ACHOMA,18730,51,4,1.0,1.0,1.0,1.64,0.327,1.49,0,0,0,0,0.10619,0.054000000000000006,0.00012359550561797752,0.0,0.0,1,2,0.8
55,AREQUIPA,CAYLLOMA,ACHOMA,18730,112,10,0.8536585365853658,0.8028673835125448,0.5822222222222222,1.64,0.327,1.49,0,0,0,0,0.10619,0.07,0.00012213740458015266,0.0,0.0,1,2,0.8
56,AREQUIPA,CAYLLOMA,LLUTA,18770,28,5,0.3684210526315789,0.8677685950413223,1.0,1.45,0.358,1.49,1,0,0,0,0.0338,0.07,0.9333333333333332,0.0,0.0,1,1,0.9
57,AREQUIPA,CAYLLOMA,MACA,18745,42,8,0.8780487804878049,0.6835443037974683,0.3906154783668495,1.61,0.342,1.49,1,0,1,0,0.043,0.07200000000000001,0.4420176807072283,0.0,0.0,1,3,1.5
58,AREQUIPA,LA UNION,COTAHUASI,18556,49,10,0.42159383033419023,0.9609375,1.0,1.7600000000000002,0.6970000000000001,1.49,1,1,1,1,0.00825,0.08199999999999999,0.3937007874015748,1.0,0.0,1,3,1.8
59,AYACUCHO,CANGALLO,LOS MOROCHUCOS,14116,30,3,0.6363636363636364,0.5223880597014925,0.12238805970149255,0.928,0.117,0.853,1,1,0,0,0.08044,0.07,1.951219512195122,1.0,0.0,3,2,0.5
60,AYACUCHO,HUAMANGA,ACOCRO,14039,12,3,0.9210526315789472,0.6826923076923077,0.2857142857142857,1.02,0.183,0.853,0,0,0,0,0.35665,0.063,0.78,0.0,0.0,1,3,1.6
61,AYACUCHO,HUAMANGA,ACOCRO,14039,56,7,0.9760956175298804,1.0,0.5,1.02,0.183,0.853,1,0,0,0,0.35665,0.098,0.66,0.0,0.0,1,3,1.4500000000000002
62,AYACUCHO,HUAMANGA,ACOCRO,14039,108,14,1.0,1.0,0.7142857142857143,1.02,0.183,0.853,1,1,1,1,0.35665,0.068,0.5333333333333333,0.0,0.0,1,3,1.4
63,AYACUCHO,HUAMANGA,ACOCRO,14056,61,7,0.6976744186046512,0.41082491033583307,0.19512195121951226,1.02,0.183,0.853,0,0,0,0,0.35665,0.063,0.7875,0.0,0.0,1,1,0.6
64,AYACUCHO,HUAMANGA,ACOCRO,14056,90,9,0.8974358974358975,0.5223880597014925,0.3863636363636363,1.02,0.183,0.853,0,0,0,0,0.35665,0.07,0.9411764705882352,0.0,0.0,2,2,0.5
65,AYACUCHO,HUAMANGA,ACOCRO,14056,99,11,1.0,1.0,1.0,1.02,0.183,0.853,0,0,0,0,0.35665,0.08,2.0,0.0,0.0,2,2,0.6
66,AYACUCHO,HUAMANGA,ACOCRO,14056,110,12,0.6578947368421053,0.20408163265306128,0.0847457627118644,1.02,0.183,0.853,1,0,0,0,0.35665,0.05,2.0,0.0,0.0,1,2,0.6
67,AYACUCHO,HUAMANGA,ACOCRO,14059,44,3,1.0,1.0,1.0,1.02,0.183,0.853,1,0,0,0,0.35665,0.055,1.2,0.0,0.0,1,3,0.75
68,AYACUCHO,HUAMANGA,ACOCRO,14059,47,4,0.7839721254355401,0.3768844221105528,0.3076923076923077,1.02,0.183,0.853,1,0,0,0,0.35665,0.09,1.0,0.0,0.0,1,3,0.75
69,AYACUCHO,HUAMANGA,ACOCRO,14059,101,9,0.9,0.5638554216867471,0.273972602739726,1.02,0.183,0.853,1,0,0,0,0.35665,0.09,1.0,0.0,0.0,1,3,0.65
70,AYACUCHO,HUAMANGA,ACOCRO,14059,119,11,0.5130228887134964,0.2719665271966527,0.2222222222222222,1.02,0.183,0.853,1,0,0,0,0.35665,0.065,0.8,0.0,0.0,1,3,0.6
71,AYACUCHO,HUAMANGA,CHIARA,14033,41,5,1.0,1.0,0.3,0.938,0.087,0.853,0,0,0,0,0.217704,0.08,1.4666666666666663,0.0,0.0,1,4,0.68
72,AYACUCHO,HUAMANGA,SAN JOSE DE TICLLAS,13893,95,9,0.8532423208191127,0.410958904109589,0.3076923076923077,0.8550000000000001,0.12300000000000001,0.853,0,0,0,0,0.039,0.05,0.35,0.0,0.0,3,2,0.6
73,AYACUCHO,HUAMANGA,SAN JOSE DE TICLLAS,13893,103,11,0.9633911368015414,1.0,0.4761904761904763,0.8550000000000001,0.12300000000000001,0.853,0,0,0,0,0.039,0.05,1.4,0.0,0.0,2,4,0.5
74,AYACUCHO,HUAMANGA,SANTIAGO DE PISCHA,13886,78,10,0.9731543624161074,0.7981651376146789,0.6666666666666666,0.932,0.078,0.853,1,1,1,1,0.0338,0.087,0.225,0.0,0.0,1,2,0.6
75,AYACUCHO,HUAMANGA,SANTIAGO DE PISCHA,13886,86,11,0.9107468123861566,0.7100591715976331,0.4444444444444444,0.932,0.078,0.853,1,1,0,0,0.0338,0.05,0.275,0.0,0.0,1,3,0.6
76,AYACUCHO,HUAMANGA,SANTIAGO DE PISCHA,13886,117,14,0.9466895449973376,0.7148748968930437,0.4705882352941176,0.932,0.078,0.853,1,1,1,1,0.0338,0.08,0.225,0.0,0.0,1,3,0.65
77,AYACUCHO,HUAMANGA,TAMBILLO,13950,120,13,0.7894736842105263,0.2727272727272727,0.10245901639344264,0.8550000000000001,0.073,0.853,0,0,0,0,0.01,0.06,1.4,1.0,0.0,1,2,0.4
78,AYACUCHO,HUANCA SANCOS,SACSAMARCA,14331,97,11,0.8833922261484098,0.7631160572337043,0.3,1.03,0.338,0.853,1,1,1,1,0.0077,0.06,0.26666666666666666,0.0,0.0,1,3,0.8
79,CAJAMARCA,CELENDIN,SOROCHUCO,4523,30,6,0.8465763028745035,0.8222313036371066,0.32664756446991405,1.6,0.233,1.47,0,0,0,0,0.0071495000000000005,0.057960000000000005,1.2912280701754388,0.0,0.05,1,2,3.0434782608695654
80,CAJAMARCA,CHOTA,CHIGUIRIP,2918,9,2,0.9803921568627452,0.976470588235294,0.5555555555555556,1.69,0.46,1.47,1,0,0,0,0.021269999999999997,0.05,2.28,1.0,0.0,2,1,1.65
81,CAJAMARCA,CHOTA,LAJAS,2702,87,9,0.9009009009009008,0.9621993127147768,0.8,1.59,0.358,1.47,1,1,0,0,0.01135,0.05,1.5,0.0,0.12,2,1,1.4
82,CAJAMARCA,CUTERVO,CUTERVO,2427,101,12,1.0,1.0,0.7291666666666666,1.6,0.4980000000000001,1.47,1,0,0,0,0.16949,0.05,1.7142857142857144,0.0,1.05,2,2,1.3
83,CAJAMARCA,CUTERVO,CUTERVO,2446,25,4,1.0,1.0,1.0,1.6,0.4980000000000001,1.47,1,0,0,0,0.16949,0.08800000000000001,1.28,0.0,1.05,1,2,1.375
84,CAJAMARCA,CUTERVO,CUTERVO,2446,49,6,1.0,1.0,0.9976525821596244,1.6,0.4980000000000001,1.47,1,0,0,0,0.16949,0.0904,1.2611764705882351,0.0,1.05,1,2,2.125
85,CAJAMARCA,CUTERVO,CUTERVO,2569,40,5,1.0,1.0,0.5747126436781609,1.6,0.4980000000000001,1.47,1,0,1,0,0.16949,0.09,3.0,0.0,1.05,2,3,0.9
86,CAJAMARCA,CUTERVO,CUTERVO,2569,41,6,1.0,1.0,1.0,1.6,0.4980000000000001,1.47,1,0,1,0,0.16949,0.078,2.25,0.0,1.05,2,3,0.45
87,CAJAMARCA,HUALGAYOC,CHUGUR,3067,72,9,1.0,1.0,1.0,1.56,0.302,1.47,0,0,0,0,0.010346,0.065,1.25,0.0,0.0,2,2,1.0
88,CUSCO,ANTA,LIMATAMBO,15547,48,7,0.9370816599732262,0.8755472170106317,1.0,1.89,0.17300000000000001,2.06,0,0,1,1,0.06762,0.07,0.8,0.0,0.0,2,2,1.0
89,CUSCO,ANTA,MOLLEPATA,15545,8,1,0.10810009110748564,0.039784075573549266,0.25,1.92,0.29700000000000004,2.06,1,1,0,0,0.005922,0.051019999999999996,1.1504,0.0,0.0,2,3,1.300078400627205
90,CUSCO,PARURO,HUANOQUITE,16238,17,2,0.9625668449197858,0.8837760910815939,0.6972477064220183,2.17,0.155,2.06,1,0,0,0,0.03228,0.0828,1.2631578947368425,0.0,0.0,1,3,0.9
91,CUSCO,PARURO,PACCARITAMBO,16267,34,6,0.9826589595375722,0.9807692307692308,0.8571428571428571,2.22,0.16799999999999998,2.06,1,1,0,0,0.00878,0.068,0.17,0.0,0.0,1,4,1.5
92,CUSCO,URUBAMBA,CHINCHERO,15780,94,12,0.8571428571428571,0.8076923076923077,0.38461538461538464,2.04,0.078,2.06,0,0,0,0,0.041995,0.06,0.00014,1.0,0.0,1,1,0.7
93,CUSCO,URUBAMBA,OLLANTAYTAMBO,15695,61,8,0.5702364394993046,0.4275773667826405,0.5178399228543876,2.06,0.155,2.06,0,0,1,1,0.0091775,0.08199999999999999,0.00017587419822056693,0.0,0.3,1,2,2.2
94,HUANCAVELICA,ANGARAES,SECCLLA,13263,50,7,0.5868544600938967,0.3213367609254499,0.4272237196765499,0.885,0.28800000000000003,0.602,1,0,0,0,0.01272,0.05,0.5678233438485804,0.0,0.0,3,2,0.6
95,HUANCAVELICA,CHURCAMPA,COSME,13050,71,8,0.8524590163934426,0.7482014388489209,0.3286908077994429,0.903,0.338,0.602,1,0,1,0,0.018563999999999997,0.078,0.00013559322033898302,0.0,0.0,2,1,1.8
96,HUANCAVELICA,HUANCAVELICA,HUANCAVELICA,13418,40,4,0.9727626459143968,0.9337068160597572,0.9328358208955224,0.5980000000000001,0.0,0.602,1,0,0,0,0.005,0.05,0.000134,0.0,0.33,1,3,1.0
97,HUANCAVELICA,HUAYTARA,PILPICHACA,13498,81,10,0.7692307692307693,0.5714285714285714,0.3076923076923077,0.62,0.18,0.602,0,0,0,0,0.006999999999999999,0.07,4.2,1.0,0.0,1,4,0.4
98,HUANCAVELICA,TAYACAJA,COLCABAMBA,12947,80,10,0.9202453987730062,0.9486166007905138,0.9090909090909092,0.8300000000000001,0.4,0.602,0,0,0,0,0.26055,0.06,0.00012,0.0,0.02,2,2,0.8
99,HUANCAVELICA,TAYACAJA,COLCABAMBA,12953,64,6,1.0,1.0,1.0,0.8300000000000001,0.4,0.602,0,0,0,0,0.26055,0.065,0.00016666666666666666,0.0,0.02,2,2,1.5
100,HUANCAVELICA,TAYACAJA,COLCABAMBA,12972,46,5,0.966183574879227,0.9195402298850576,0.7674418604651163,0.8300000000000001,0.4,0.602,0,0,0,0,0.26055,0.08,0.7818181818181819,0.0,0.02,2,2,0.4
101,HUANCAVELICA,TAYACAJA,COLCABAMBA,12972,67,8,0.6067415730337079,0.6029850746268657,0.5320104829651815,0.8300000000000001,0.4,0.602,0,0,0,0,0.26055,0.054000000000000006,0.41871921182266,0.0,0.02,2,2,2.7
102,HUANCAVELICA,TAYACAJA,COLCABAMBA,12972,86,10,0.8710801393728222,0.7692307692307693,0.5,0.8300000000000001,0.4,0.602,0,0,0,0,0.26055,0.05,0.585,0.0,0.02,2,2,0.6
103,HUANCAVELICA,TAYACAJA,COLCABAMBA,12978,5,1,0.4836193447737909,0.3552214098496344,0.4186435947530003,0.8300000000000001,0.4,0.602,1,0,0,0,0.26055,0.062,0.3133333333333333,0.0,0.02,2,2,1.65
104,HUANCAVELICA,TAYACAJA,COLCABAMBA,12978,18,3,0.9489603024574668,0.8051948051948052,0.7667910447761194,0.8300000000000001,0.4,0.602,0,0,0,0,0.26055,0.0502,0.2877128953771289,0.0,0.02,2,2,1.8
105,HUANCAVELICA,TAYACAJA,COLCABAMBA,12978,32,4,1.0,1.0,1.0,0.8300000000000001,0.4,0.602,1,0,0,0,0.26055,0.064,0.368421052631579,0.0,0.02,2,2,1.2
106,HUANCAVELICA,TAYACAJA,COLCABAMBA,12978,84,9,0.2553191489361702,0.25870845393751873,0.3765060240963855,0.8300000000000001,0.4,0.602,1,0,0,0,0.26055,0.07200000000000001,0.36,0.0,0.02,2,2,0.72
107,HUANCAVELICA,TAYACAJA,COLCABAMBA,12978,108,11,0.7300163132137031,0.5762255762255762,0.5465454545454546,0.8300000000000001,0.4,0.602,1,0,0,0,0.26055,0.0895,0.3559547571523619,0.0,0.02,2,2,2.08
108,HUANCAVELICA,TAYACAJA,COLCABAMBA,12978,111,12,0.8250863060989643,0.7901943462897526,0.6500607533414339,0.8300000000000001,0.4,0.602,1,0,0,0,0.26055,0.0717,0.4112149532710279,0.0,0.02,2,2,1.1252109704641349
109,HUANCAVELICA,TAYACAJA,DANIEL HERNANDEZ,12982,69,7,0.4939271255060729,0.3893129770992366,0.1973684210526316,0.727,0.303,0.602,0,0,0,0,0.022359999999999998,0.0976,1.3866666666666665,0.0,0.0,2,2,0.7
110,HUANUCO,AMBO,SAN FRANCISCO,10382,45,7,0.8859470468431772,0.8717948717948718,0.2590290112492599,0.762,0.193,0.82,1,0,0,0,0.0099,0.087,0.4114285714285715,0.0,0.0,1,1,1.1666666666666667
111,HUANUCO,AMBO,TOMAY KICHWA,10343,13,1,0.9028268551236748,0.840153452685422,0.501002004008016,0.8800000000000001,0.13699999999999998,0.82,1,0,0,0,0.02071,0.0511,2.24,0.0,0.0,3,3,1.2857142857142858
112,HUANUCO,AMBO,TOMAY KICHWA,10343,37,3,0.4273504273504273,0.26680896478121663,0.2222222222222222,0.8800000000000001,0.13699999999999998,0.82,1,0,0,0,0.02071,0.075,1.2,0.0,0.0,3,3,0.6666666666666666
113,HUANUCO,DOS DE MAYO,SILLAPATA,10210,55,6,0.5109489051094891,0.4929577464788733,0.4,0.8320000000000001,0.47700000000000004,0.82,0,0,0,0,0.006999999999999999,0.07,1.05,0.0,0.0,3,3,1.0
114,HUANUCO,HUAMALIES,LLATA,9727,36,6,0.7157894736842105,0.6213991769547325,0.4615384615384616,0.877,0.4320000000000001,0.82,1,0,0,0,0.08241,0.0544,0.4,0.0,0.12,2,2,1.125
115,HUANUCO,HUAMALIES,LLATA,9737,95,9,0.4444444444444444,0.35897435897435903,0.5,0.877,0.4320000000000001,0.82,1,0,0,0,0.08241,0.055999999999999994,1.015,0.0,0.12,2,2,0.5
116,HUANUCO,HUANUCO,CHINCHAO,10008,63,7,0.9090909090909092,0.9090909090909092,0.423728813559322,1.01,0.183,0.82,0,0,0,0,0.367135,0.06,2.4,0.0,0.09,3,3,0.5
117,HUANUCO,HUANUCO,CHINCHAO,10020,67,9,0.5416511019798281,0.4610492845786963,0.14814814814814814,1.01,0.183,0.82,1,0,0,0,0.367135,0.057999999999999996,1.72,0.0,0.09,1,2,0.8
118,HUANUCO,HUANUCO,CHINCHAO,10025,5,1,0.8834355828220859,0.8488063660477454,0.4991680532445924,1.01,0.183,0.82,0,0,0,0,0.367135,0.07200000000000001,2.52,0.0,0.09,2,1,0.4444444444444444
119,HUANUCO,HUANUCO,CHURUBAMBA,10037,263,13,1.0,1.0,0.8064516129032259,0.8779999999999999,0.048,0.82,0,0,0,0,0.013609999999999999,0.07200000000000001,4.928,0.0,0.0,1,2,1.25
120,HUANUCO,HUANUCO,MARGOS,10160,100,13,1.0,1.0,0.5333333333333333,0.875,0.183,0.82,0,0,0,0,0.00707,0.052000000000000005,0.00013000000000000002,0.0,0.0,1,2,0.75
121,HUANUCO,HUANUCO,YARUMAYO,10147,118,14,0.5763358778625954,0.32996632996633,0.42105263157894735,0.96,0.15,0.82,1,0,0,0,0.013080000000000001,0.0604,0.245,0.0,0.0,2,2,1.6767857142857143
122,HUANUCO,LAURICOCHA,RONDOS,10301,66,8,0.5474452554744526,0.5447941888619855,0.2608695652173913,0.807,0.368,0.82,0,0,0,0,0.006975,0.06375,2.975,0.0,0.0,1,2,1.0588235294117647
123,HUANUCO,PACHITEA,MOLINO,9954,62,7,0.7153284671532847,0.6660323501427212,0.7142857142857143,0.985,0.158,0.82,1,1,0,0,0.06527999999999999,0.098,2.333333333333333,0.0,0.0,3,3,0.7142857142857143
124,HUANUCO,PACHITEA,MOLINO,9954,107,11,1.0,1.0,1.0,0.985,0.158,0.82,1,0,0,0,0.06527999999999999,0.0791,1.68,0.0,0.0,3,3,1.0
125,HUANUCO,PACHITEA,MOLINO,9954,132,14,0.7636790869419268,0.5820026861662438,0.4863813229571984,0.985,0.158,0.82,1,1,0,0,0.06527999999999999,0.091,0.37799999999999995,0.0,0.0,1,3,0.42857142857142855
126,HUANUCO,PACHITEA,PANAO,9984,21,3,0.8974358974358975,0.8644939965694682,0.6666666666666666,1.0,0.17300000000000001,0.82,1,0,0,0,1.2179799999999998,0.084,0.49,0.0,0.04,1,3,0.6
127,HUANUCO,PACHITEA,PANAO,9984,32,5,0.7887323943661971,0.8301886792452831,0.4081632653061224,1.0,0.17300000000000001,0.82,1,0,0,0,1.2179799999999998,0.055999999999999994,0.315,0.0,0.04,3,3,0.7857142857142857
128,HUANUCO,PACHITEA,PANAO,9989,125,14,0.6428571428571429,0.5283018867924528,0.5,1.0,0.17300000000000001,0.82,1,1,0,0,1.2179799999999998,0.063,1.12,0.0,0.04,1,1,0.4
129,HUANUCO,PACHITEA,UMARI,9921,8,1,0.5952380952380952,0.4270462633451957,0.3333333333333333,0.9620000000000001,0.133,0.82,1,0,0,0,0.0569,0.07,1.6,0.0,0.0,1,2,0.6
130,HUANUCO,PACHITEA,UMARI,9921,18,2,0.8831521739130435,0.8074534161490683,0.6165228113440198,0.9620000000000001,0.133,0.82,1,0,0,0,0.0569,0.065,1.5,0.0,0.0,1,3,0.6
131,HUANUCO,PACHITEA,UMARI,9921,61,8,0.7860615883306321,0.6818638280779273,0.6,0.9620000000000001,0.133,0.82,1,0,0,0,0.0569,0.09699999999999999,0.4893333333333333,0.0,0.0,1,3,0.7
132,HUANUCO,PACHITEA,UMARI,9921,81,10,0.8003369839932604,0.6216599411059003,0.3333333333333333,0.9620000000000001,0.133,0.82,1,1,0,0,0.0569,0.095,0.44,0.0,0.0,1,3,0.6
133,HUANUCO,PACHITEA,UMARI,9921,101,14,0.9025787965616046,0.7621845834773592,0.2857142857142857,0.9620000000000001,0.133,0.82,1,0,0,0,0.0569,0.063,2.94,0.0,0.0,1,3,0.7
134,HUANUCO,YAROWILCA,CHORAS,10280,78,8,1.0,1.0,1.0,1.04,0.253,0.82,0,0,0,0,0.09695,0.0888,2.106122448979592,0.0,0.0,1,2,1.0225308641975308
135,JUNIN,CHUPACA,CHONGOS BAJO,11835,56,9,0.5789473684210527,0.3822393822393823,0.5261561789234268,0.607,0.06,0.645,0,0,0,0,0.02277,0.055,0.0001080691642651297,0.0,0.0,1,2,0.9
136,JUNIN,CHUPACA,CHUPACA,11777,21,4,0.7005758157389635,0.5140845070422535,0.5416716921963575,0.575,0.037000000000000005,0.645,1,0,1,0,0.094855,0.073,0.000167000668002672,0.0,0.41,3,1,0.8
137,JUNIN,CHUPACA,CHUPACA,11787,10,2,0.6,0.39130434782608703,0.5182731841023298,0.575,0.037000000000000005,0.645,0,0,0,0,0.094855,0.0525,0.000123402379903041,0.0,0.41,1,2,0.8571428571428571
138,JUNIN,CONCEPCION,HEROINAS TOLEDO,11671,94,11,1.0,1.0,1.0,0.55,0.062,0.645,0,0,0,0,0.02599,0.05,0.6666666666666667,0.0,0.0,1,2,1.0
139,JUNIN,CONCEPCION,HEROINAS TOLEDO,11673,47,7,0.5102040816326531,0.4569190600522193,0.4608294930875576,0.55,0.062,0.645,1,0,0,0,0.02599,0.05,0.6,0.0,0.0,2,2,0.7
140,JUNIN,CONCEPCION,NUEVE DE JULIO,11680,18,4,0.875,0.8484848484848485,0.17543859649122806,0.55,0.062,0.645,1,0,1,0,0.0531,0.07,1.6,1.0,0.0,3,2,0.8
141,JUNIN,CONCEPCION,NUEVE DE JULIO,11680,58,10,0.4382022471910113,0.4212962962962963,1.0,0.55,0.062,0.645,0,0,0,1,0.0531,0.078,1.8,0.0,0.0,2,2,0.7
142,JUNIN,CONCEPCION,ORCOTUNA,11705,105,14,0.6278026905829597,0.38706933219906425,0.3257328990228013,0.55,0.048,0.645,1,0,0,0,0.02114,0.07,0.75,0.0,0.0,2,2,0.65
143,JUNIN,CONCEPCION,SAN JOSE DE QUERO,11734,35,4,0.9890520029858174,0.9240604416892676,0.8666666666666667,0.597,0.11800000000000001,0.645,1,0,1,0,0.012245,0.0795,0.00013076923076923077,0.0,0.0,2,2,0.6
144,JUNIN,HUANCAYO,PILCOMAYO,11921,71,8,0.1801801801801801,0.1745635910224439,0.21975120291045647,0.562,0.028000000000000004,0.645,0,0,0,0,0.01314,0.07,0.00018691588785046728,0.0,0.08,1,1,0.5
145,JUNIN,JAUJA,APATA,11496,9,3,0.3793103448275862,0.4271844660194175,0.25806451612903225,0.545,0.08800000000000001,0.645,1,0,0,0,0.04115,0.055,0.0001575,0.0,0.0,3,2,0.8
146,JUNIN,JAUJA,JANJAILLO,11633,29,2,0.6779661016949152,0.4606525911708254,0.2719665271966527,0.522,0.142,0.645,1,0,0,0,0.015780000000000002,0.06,0.00012923076923076923,0.0,0.0,1,2,0.6
147,JUNIN,JAUJA,PARCO,11627,16,1,0.7908611599297012,0.5597014925373134,0.2516295116112878,0.4980000000000001,0.105,0.645,1,0,0,0,0.0195,0.09,0.00012352853979854262,0.0,0.0,1,2,0.5
148,JUNIN,JAUJA,POMACANCHA,11568,29,3,0.9395604395604396,0.8662613981762918,0.75,0.5730000000000001,0.157,0.645,1,0,0,0,0.054689999999999996,0.0855,0.00014133333333333332,0.0,0.0,1,2,0.5
149,JUNIN,JAUJA,POMACANCHA,11568,81,9,1.0,1.0,0.75,0.5730000000000001,0.157,0.645,1,0,0,0,0.054689999999999996,0.07,0.000144,0.0,0.0,1,2,0.5
150,JUNIN,JAUJA,POMACANCHA,11568,110,12,1.0,1.0,0.5,0.5730000000000001,0.157,0.645,0,0,0,0,0.054689999999999996,0.06,0.000134,0.0,0.0,1,2,0.5
151,JUNIN,JAUJA,POMACANCHA,11568,120,13,1.0,1.0,1.0,0.5730000000000001,0.157,0.645,0,0,0,0,0.054689999999999996,0.085,0.000144,0.0,0.0,1,2,0.6
152,JUNIN,JAUJA,POMACANCHA,11568,129,14,1.0,1.0,1.0,0.5730000000000001,0.157,0.645,1,0,0,0,0.054689999999999996,0.09300000000000001,0.00014933333333333335,0.0,0.0,1,2,0.5
153,JUNIN,JAUJA,SINCOS,11613,55,10,0.7841726618705036,0.6942675159235668,0.18181818181818185,0.532,0.067,0.645,0,0,0,0,0.00872,0.0872,1.232,0.0,0.0,3,2,0.5
154,JUNIN,JUNIN,ULCUMAYO,10900,47,5,0.9266409266409268,0.8253219662615636,0.875,0.583,0.41,0.645,1,0,0,0,0.11181500000000001,0.084,0.14,0.0,0.0,1,2,1.0714285714285714
155,JUNIN,JUNIN,ULCUMAYO,10900,133,13,0.75,0.7418032786885246,0.5,0.583,0.41,0.645,1,0,0,0,0.11181500000000001,0.0945,0.385,0.0,0.0,1,2,0.9285714285714286
156,JUNIN,JUNIN,ULCUMAYO,10908,21,2,0.8940397350993378,0.849443468072642,0.875,0.583,0.41,0.645,1,0,0,0,0.11181500000000001,0.0675,0.17157142857142854,0.0,0.0,1,2,1.3416666666666668
157,JUNIN,JUNIN,ULCUMAYO,10908,46,6,0.6571428571428571,0.6592592592592592,0.5714285714285714,0.583,0.41,0.645,1,0,0,0,0.11181500000000001,0.0805,0.14875,0.0,0.0,3,2,1.0714285714285714
158,JUNIN,JUNIN,ULCUMAYO,10908,108,13,0.6693567529076667,0.4723523898781631,0.5714285714285714,0.583,0.41,0.645,1,0,0,0,0.11181500000000001,0.0564,0.17625,0.0,0.0,1,2,0.9375
159,JUNIN,TARMA,ACOBAMBA,10985,21,3,0.3125,0.3688524590163935,0.14245014245014245,0.525,0.248,0.645,0,0,0,0,0.01518,0.06,1.3333333333333333,0.0,0.06,3,2,0.75
160,JUNIN,TARMA,HUASAHUASI,10943,19,3,0.6766917293233082,0.5598755832037325,0.5333333333333333,0.693,0.445,0.645,0,0,0,0,0.08565,0.054000000000000006,0.09,0.0,0.12,1,2,1.4
161,JUNIN,TARMA,HUASAHUASI,10943,48,7,0.7407407407407407,0.4948453608247423,0.6,0.693,0.445,0.645,0,0,0,0,0.08565,0.06,0.96,0.0,0.12,1,2,0.4
162,JUNIN,TARMA,HUASAHUASI,10943,61,10,1.0,1.0,1.0,0.693,0.445,0.645,0,0,0,0,0.08565,0.09,1.5,0.0,0.12,1,2,0.5
163,JUNIN,TARMA,PALCAMAYO,10951,95,10,0.8269230769230769,0.8044659022329511,0.5294117647058824,0.5269999999999999,0.28500000000000003,0.645,1,1,0,0,0.02694,0.0516,2.9333333333333336,0.0,0.0,1,2,1.5833333333333333
164,JUNIN,TARMA,TAPO,11000,16,4,0.6666666666666666,0.296875,0.5,0.5700000000000001,0.3,0.645,0,0,0,0,0.09129,0.09,1.11,0.0,0.0,1,2,0.31666666666666665
165,JUNIN,TARMA,TAPO,11000,24,5,0.7461538461538462,0.6640883977900552,0.2713004484304933,0.5700000000000001,0.3,0.645,0,0,0,0,0.09129,0.0582,1.2644628099173554,0.0,0.0,1,2,1.8333333333333333
166,JUNIN,TARMA,TAPO,11000,34,6,1.0,1.0,0.8924731182795699,0.5700000000000001,0.3,0.645,0,0,0,0,0.09129,0.09300000000000001,1.460240963855422,0.0,0.0,1,2,1.9666666666666668
167,JUNIN,TARMA,TAPO,11000,45,7,0.6741573033707865,0.4123711340206185,0.4242681374628765,0.5700000000000001,0.3,0.645,0,0,0,0,0.09129,0.096,1.02,0.0,0.0,1,2,0.4166666666666667
168,LA LIBERTAD,JULCAN,CALAMARCA,7567,56,8,0.8520710059171598,0.7921760391198044,0.3636363636363637,1.04,0.412,0.853,1,0,0,0,0.05701799999999999,0.0828,1.104,0.0,0.0,1,1,0.7826086956521741
169,LA LIBERTAD,JULCAN,CALAMARCA,7567,111,14,0.6966618287373004,0.6042803189257239,0.2857142857142857,1.04,0.412,0.853,1,0,0,0,0.05701799999999999,0.0552,0.828,0.0,0.0,1,1,1.3043478260869563
170,LA LIBERTAD,JULCAN,JULCAN,7530,19,4,1.0,1.0,0.6666666666666666,1.03,0.228,0.853,1,0,1,0,0.09308175,0.0552,1.2328,0.0,0.0,1,3,0.5217391304347826
171,LA LIBERTAD,JULCAN,JULCAN,7530,117,11,0.981132075471698,0.965583173996176,0.7142857142857143,1.03,0.228,0.853,1,0,1,0,0.09308175,0.0598,2.6128,0.0,0.0,1,1,1.6521739130434785
172,LA LIBERTAD,JULCAN,JULCAN,7530,120,12,1.0,1.0,1.0,1.03,0.228,0.853,0,0,1,0,0.09308175,0.063595,1.3785625,0.0,0.0,1,1,1.9627329192546583
173,LA LIBERTAD,JULCAN,JULCAN,7530,167,14,0.9464285714285714,0.7945326278659612,0.7751937984496123,1.03,0.228,0.853,1,0,1,0,0.09308175,0.051807500000000006,1.400125,0.0,0.0,1,1,0.3478260869565217
174,LA LIBERTAD,JULCAN,JULCAN,7532,37,4,0.7316367842683632,0.3953084274543875,0.4664593513993781,1.03,0.228,0.853,0,0,0,0,0.09308175,0.06325,0.9528571428571428,1.0,0.0,2,2,0.8173913043478259
175,LA LIBERTAD,JULCAN,JULCAN,7532,78,9,1.0,1.0,1.0,1.03,0.228,0.853,0,0,0,0,0.09308175,0.059579999999999994,1.3953846153846154,0.0,0.0,2,1,0.7865084269662921
176,LA LIBERTAD,OTUZCO,OTUZCO,7218,12,1,1.0,1.0,0.4940978077571669,0.982,0.17800000000000002,0.853,1,0,0,0,0.0978655,0.0529,1.0989761092150172,0.0,0.1,1,3,0.6086956521739131
177,LA LIBERTAD,OTUZCO,OTUZCO,7218,69,9,1.0,1.0,1.0,0.982,0.17800000000000002,0.853,1,0,0,0,0.0978655,0.0575,1.0541666666666667,0.0,0.1,1,1,0.43478260869565216
178,LA LIBERTAD,OTUZCO,OTUZCO,7245,33,3,0.8312006231222877,0.7894736842105263,0.4131167637143732,0.982,0.17800000000000002,0.853,0,0,0,0,0.0978655,0.0747,1.6562870919881307,0.0,0.1,1,2,1.4761904761904765
179,LA LIBERTAD,OTUZCO,OTUZCO,7245,83,9,1.0,1.0,0.8947368421052632,0.982,0.17800000000000002,0.853,0,0,0,0,0.0978655,0.0546,1.976470588235294,0.0,0.1,1,2,0.5
180,LA LIBERTAD,OTUZCO,OTUZCO,7245,118,11,0.9900130264871906,0.98542451111381,0.7794117647058824,0.982,0.17800000000000002,0.853,1,1,0,0,0.0978655,0.0912,1.92,0.0,0.1,1,2,0.8895833333333333
181,LA LIBERTAD,PATAZ,CHILLIA,8012,80,10,1.0,1.0,0.6666666666666666,1.69,1.11,0.853,0,0,0,0,0.00576,0.0576,0.5760000000000001,0.0,0.02,1,4,0.4166666666666667
182,LA LIBERTAD,SANCHEZ CARRION,CHUGAY,7792,46,8,0.9476876421531464,0.5813953488372093,0.3043478260869565,1.3199999999999998,0.522,0.853,1,0,0,0,0.013630000000000001,0.075,1.5571428571428572,0.0,0.0,1,1,0.4
183,LA LIBERTAD,SANCHEZ CARRION,CURGOS,7840,34,4,0.8601769911504424,0.5347150259067357,0.25806451612903225,1.23,0.447,0.853,1,0,0,0,0.062091999999999994,0.055889999999999995,1.75375,0.0,0.01,1,1,0.9565217391304348
184,LA LIBERTAD,SANCHEZ CARRION,CURGOS,7840,58,8,1.0,1.0,1.0,1.23,0.447,0.853,1,0,0,0,0.062091999999999994,0.08625,1.38,0.0,0.01,1,1,0.2608695652173913
185,LA LIBERTAD,SANCHEZ CARRION,CURGOS,7842,51,8,1.0,1.0,1.0,1.23,0.447,0.853,1,0,0,0,0.062091999999999994,0.06785,0.8648,0.0,0.01,2,1,1.3043478260869563
186,LA LIBERTAD,SANCHEZ CARRION,CURGOS,7844,65,9,0.96,0.7058823529411765,0.5555555555555556,1.23,0.447,0.853,0,0,0,0,0.062091999999999994,0.0828,2.4472,0.0,0.01,1,3,0.3043478260869565
187,LA LIBERTAD,SANCHEZ CARRION,HUAMACHUCO,7923,11,4,1.0,1.0,1.0,1.1800000000000002,0.38299999999999995,0.853,1,0,0,0,0.048118,0.0976,1.44,0.0,0.04,1,1,0.525
188,LA LIBERTAD,SANCHEZ CARRION,HUAMACHUCO,7925,47,6,1.0,1.0,1.0,1.1800000000000002,0.38299999999999995,0.853,1,0,1,0,0.048118,0.0552,1.0514285714285718,0.0,0.04,1,1,1.3043478260869563
189,LA LIBERTAD,SANCHEZ CARRION,MARCABAL,7718,90,11,0.50682261208577,0.388798889146031,0.2469135802469136,1.24,0.455,0.853,1,0,0,0,0.022767,0.0598,1.2982222222222224,0.0,0.0,2,3,1.2173913043478262
190,LA LIBERTAD,SANTIAGO DE CHUCO,CACHICADAN,7602,14,2,1.0,1.0,1.0,1.0699999999999998,0.423,0.853,1,1,0,0,0.016395,0.0825,0.6,0.0,0.03,2,1,1.5
191,LA LIBERTAD,SANTIAGO DE CHUCO,CACHICADAN,7603,37,6,0.9375,0.8977556109725686,0.6605019815059445,1.0699999999999998,0.423,0.853,0,1,0,0,0.016395,0.054000000000000006,1.62,0.0,0.03,1,1,1.0
192,LIMA,CAÑETE,QUILMANA,12538,20,4,0.2064267529071768,0.22358859698155395,0.2752976190476191,0.207,0.215,0.052000000000000005,1,0,0,0,0.006,0.06,1.081081081081081,0.0,0.05,1,2,0.8
193,MOQUEGUA,GENERAL SANCHEZ CERRO,UBINAS,19005,64,13,0.9842519685039368,1.0,0.5714285714285714,1.7899999999999998,0.648,1.63,1,0,0,0,0.01615,0.05,0.4,0.0,0.0,2,3,1.0
194,MOQUEGUA,MARISCAL NIETO,CUCHUMBAYA,19069,41,3,0.9777227722772276,0.8977272727272727,1.0,1.88,0.278,1.63,1,0,0,0,0.01696,0.079,0.8,0.0,0.0,2,1,2.0
195,MOQUEGUA,MARISCAL NIETO,MOQUEGUA,19095,10,1,0.9979423868312756,0.9923273657289002,1.0,1.5699999999999998,0.0,1.63,1,1,0,0,0.03535,0.09699999999999999,2.0,0.0,1.23,1,2,0.8
196,MOQUEGUA,MARISCAL NIETO,MOQUEGUA,19101,185,12,0.9893992932862192,0.986784140969163,1.0,1.5699999999999998,0.0,1.63,1,1,1,1,0.03535,0.07,1.4,0.0,1.23,1,3,0.8
197,PASCO,PASCO,HUACHON,10675,93,9,0.8784258608573436,0.6845564074479737,0.6666666666666666,0.643,0.205,0.615,1,0,0,0,0.05184,0.05,0.00014,0.0,0.02,3,1,0.5
198,PASCO,PASCO,HUACHON,10675,130,12,0.740366818105334,0.5142857142857142,0.6923076923076923,0.643,0.205,0.615,1,1,0,0,0.05184,0.066,0.00016,0.0,0.02,3,1,0.3
199,PASCO,PASCO,HUARIACA,10662,81,13,0.9504,0.8556485355648535,0.5769164201951517,0.67,0.14,0.615,1,0,0,0,0.01665,0.0594,0.000315,0.0,0.02,1,3,1.0
200,PASCO,PASCO,NINACACA,10712,17,3,0.7961783439490446,0.7039321511179646,0.5,0.528,0.098,0.615,1,0,0,0,0.094115,0.0875,0.00028280000000000004,0.0,0.0,3,2,1.1428571428571428
201,PASCO,PASCO,NINACACA,10712,46,8,1.0,1.0,0.9722222222222222,0.528,0.098,0.615,1,0,0,0,0.094115,0.0511,0.000225,0.0,0.0,3,2,0.42857142857142855
202,PASCO,PASCO,NINACACA,10713,38,5,0.5047240179015415,0.44107744107744107,0.504584378434614,0.528,0.098,0.615,1,0,0,0,0.094115,0.05075,0.00013045454545454544,0.0,0.0,1,4,1.3
203,PASCO,PASCO,PAUCARTAMBO,10679,71,10,0.525974025974026,0.3925686591276252,0.4166666666666667,0.627,0.213,0.615,0,0,1,1,0.42808999999999997,0.0567,0.000252,0.0,0.08,1,3,0.6428571428571429
204,PASCO,PASCO,PAUCARTAMBO,10680,24,4,0.6349206349206349,0.3956386292834891,0.4979919678714859,0.627,0.213,0.615,1,1,1,1,0.42808999999999997,0.055999999999999994,2.907258064516129,0.0,0.08,3,2,1.2142857142857144
205,PASCO,PASCO,PAUCARTAMBO,10682,31,5,0.75,0.5986238532110092,0.8,0.627,0.213,0.615,1,0,0,0,0.42808999999999997,0.0525,0.00018666666666666666,0.0,0.08,3,2,1.0285714285714285
206,PASCO,PASCO,PAUCARTAMBO,10682,56,9,1.0,1.0,1.0,0.627,0.213,0.615,1,0,1,0,0.42808999999999997,0.0784,0.00028,0.0,0.08,1,2,0.7857142857142857
207,PASCO,PASCO,PAUCARTAMBO,10690,41,5,0.4674457429048414,0.4191224623444663,0.4,0.627,0.213,0.615,1,0,0,0,0.42808999999999997,0.0504,0.000315,0.0,0.08,1,3,1.1428571428571428
208,PASCO,PASCO,PAUCARTAMBO,10690,145,14,0.5066956207021354,0.2404851526557925,0.2689719192388025,0.627,0.213,0.615,1,0,1,0,0.42808999999999997,0.07,0.00030500431406384817,0.0,0.08,1,3,0.7857142857142857
209,PASCO,PASCO,PAUCARTAMBO,10695,70,7,1.0,1.0,1.0,0.627,0.213,0.615,1,0,0,0,0.42808999999999997,0.0637,1.8170212765957447,0.0,0.08,3,3,0.7857142857142857
210,PASCO,PASCO,PAUCARTAMBO,10698,47,6,0.9415204678362572,0.8591549295774648,0.6363636363636364,0.627,0.213,0.615,1,0,1,0,0.42808999999999997,0.0805,0.00041,0.0,0.08,1,3,1.5
211,PASCO,PASCO,PAUCARTAMBO,10698,74,9,0.5342548076923077,0.4746376811594203,0.4615384615384616,0.627,0.213,0.615,1,0,0,0,0.42808999999999997,0.0889,0.000532,0.0,0.08,3,2,2.4285714285714284
212,PASCO,PASCO,PAUCARTAMBO,10701,50,6,0.875,0.813953488372093,0.9166666666666666,0.627,0.213,0.615,1,1,1,1,0.42808999999999997,0.0735,1.6545454545454543,0.0,0.08,3,2,1.3
213,PIURA,AYABACA,PACAIPAMPA,417,96,14,0.28785261945883706,0.7646429117602079,0.471830985915493,2.1,0.622,1.56,1,0,0,0,0.020649,0.05,0.8955223880597014,0.0,0.0,1,1,1.0
214,PIURA,AYABACA,PACAIPAMPA,433,12,2,0.1836734693877551,0.4575960951799878,0.7075471698113207,2.1,0.622,1.56,0,0,0,0,0.020649,0.09,0.8666666666666666,0.0,0.0,1,1,1.0
215,PIURA,HUANCABAMBA,HUANCABAMBA,490,16,3,0.9775171065493646,0.9665571235260004,0.7246376811594204,1.92,0.522,1.56,1,0,0,0,0.024128,0.05,0.8,0.0,0.03,1,1,1.0
216,PIURA,HUANCABAMBA,HUANCABAMBA,512,11,2,0.7894736842105263,0.8089260808926081,0.4924242424242425,1.92,0.522,1.56,0,0,0,0,0.024128,0.06,1.1692307692307693,0.0,0.03,1,2,1.7
217,PIURA,HUANCABAMBA,SAN MIGUEL DE EL FAIQUE,635,99,10,0.15240641711229946,0.5049401976079043,0.4122832794593006,1.6800000000000002,0.29,1.56,0,0,0,0,0.023,0.057,0.4098360655737705,0.0,0.0,1,3,1.7000000000000002
218,PIURA,HUANCABAMBA,SAN MIGUEL DE EL FAIQUE,635,101,11,0.7564102564102564,0.6395663956639567,0.5,1.6800000000000002,0.29,1.56,0,0,0,0,0.023,0.059000000000000004,0.6,0.0,0.0,1,3,0.8
219,TACNA,CANDARAVE,CANDARAVE,19138,24,4,1.0,1.0,1.0,1.9,0.327,1.7899999999999998,1,0,0,0,0.00965,0.08,1.3333333333333337,0.0,0.0,1,2,1.3
220,TACNA,TACNA,CALANA,19217,101,10,0.12163347778693535,0.092904180325491,0.2,1.78,0.03,1.7899999999999998,1,0,0,0,0.08800000000000001,0.0915,1.85,0.0,0.0,1,2,0.7
221,TACNA,TACNA,CORONEL GREGORIO ALBARRACIN LANCHIPA,19235,94,8,0.269396551724138,0.25787965616045844,0.3125,1.75,0.09,1.7899999999999998,1,1,0,0,0.0075,0.075,1.56,1.0,1.15,1,4,1.2
222,TACNA,TACNA,PACHIA,19222,53,6,0.6401400018421295,0.58032073933134,0.5909090909090908,1.78,0.033,1.7899999999999998,1,1,0,0,0.04827,0.0695,1.1538461538461535,0.0,0.0,1,3,3.1
223,TACNA,TACNA,PACHIA,19222,69,9,0.5562659846547314,0.4769736842105263,0.4761904761904762,1.78,0.033,1.7899999999999998,1,1,1,1,0.04827,0.087,1.8,1.0,0.0,1,2,1.0
