,NOMBREDD,NOMBREPV,NOMBREDI,CONGLOMERADO,NSELUA,UA,percentSoldProduction,percentFarmGateIncomes,percentPlantedArea,districtTimeToLimaMarket,districtTimeToProvinceCapitalOfRegion,provinceCapitalToLimaMarket,informalPriceInformation,formalPriceInformation,informalMetereologicalInformation,formalMetereologicalInformation,volumeOfDistrict,soldProduction,yield,associative,pointsOfSale,marketSize,simplifiedMarketChannelDirectedness,farmGatePricePerKg
0,AMAZONAS,LUYA,CONILA,5412,52,8,0.4307692307692308,0.3124750896771622,0.5538461538461538,2.12,0.52,2.03,0,0,0,0,0.04805,0.14,1.844444444444444,0.0,0.0,2,1,1.04
1,AMAZONAS,LUYA,CONILA,5412,60,9,0.5294117647058824,0.7623762376237624,1.0,2.12,0.52,2.03,0,0,0,0,0.04805,0.1125,2.8,0.0,0.0,2,1,1.8
2,AMAZONAS,LUYA,LAMUD,5425,14,2,1.0,1.0,0.5439709882139621,2.1,0.12,2.03,0,0,0,0,0.0364,0.1,1.725,0.0,0.0,2,1,0.6
3,AMAZONAS,LUYA,LAMUD,5425,75,11,0.7516198704103672,0.7711781888997079,0.4444444444444444,2.1,0.12,2.03,0,0,0,0,0.0364,0.174,3.85,0.0,0.0,2,1,1.36
4,AMAZONAS,LUYA,LUYA,5434,124,13,0.9405940594059404,0.9171974522292994,0.6578947368421053,2.18,0.092,2.03,1,0,0,0,0.05025,0.19,1.64,0.0,0.0,2,1,1.5
5,ANCASH,AIJA,AIJA,9480,94,11,0.8536585365853658,0.7887323943661971,0.25839793281653745,0.76,0.2,0.6769999999999999,0,0,0,0,0.035112,0.21,1.1,0.0,0.0,1,1,0.8
6,ANCASH,AIJA,AIJA,9480,121,14,0.8970251716247142,0.828752642706131,0.3736222678871661,0.76,0.2,0.6769999999999999,0,0,0,0,0.035112,0.14112,0.8640000000000001,0.0,0.0,1,1,0.5555555555555556
7,ANCASH,HUAYLAS,SANTA CRUZ,8338,126,13,0.6541592920353982,0.7830508474576271,0.4426229508196721,0.928,0.262,0.6769999999999999,0,0,0,0,0.02646,0.22175999999999998,1.0186666666666666,0.0,0.0,1,2,2.083333333333333
8,ANCASH,SANTA,CHIMBOTE,8246,33,5,0.29234737747205497,0.3566433566433567,0.27007299270072993,0.657,0.405,0.6769999999999999,1,0,0,0,0.051,0.51,1.4054054054054053,0.0,0.0,2,1,1.3
9,APURIMAC,ABANCAY,CURAHUASI,14995,55,5,0.5534284075985424,0.5410345457868763,0.22556774687420264,1.81,0.16499999999999998,1.65,1,1,0,0,0.021515,0.1496,2.3981900452488687,0.0,0.09,2,2,2.2
10,APURIMAC,ABANCAY,HUANIPACA,14983,86,10,0.9142857142857144,0.8474576271186439,0.7619047619047619,1.84,0.187,1.65,0,0,1,1,0.05807999999999999,0.4,1.653125,0.0,0.0,2,1,1.5
11,APURIMAC,ANDAHUAYLAS,ANDAHUAYLAS,14781,34,6,0.9210526315789472,0.8758568164508759,0.4666666666666666,1.33,0.312,1.65,1,0,0,0,0.1594035,0.11199999999999999,1.7142857142857144,0.0,1.52,1,1,1.4375
12,APURIMAC,ANDAHUAYLAS,ANDAHUAYLAS,14799,37,5,0.4617809298660362,0.3517406962785114,0.3296703296703297,1.33,0.312,1.65,1,1,0,0,0.1594035,0.2344,1.6,1.0,1.52,1,2,0.625
13,APURIMAC,ANDAHUAYLAS,ANDAHUAYLAS,14799,50,7,0.8881922675026124,0.4982415005861665,0.5,1.33,0.312,1.65,1,1,0,0,0.1594035,0.17,2.0,0.0,1.52,1,1,0.5
14,APURIMAC,ANDAHUAYLAS,ANDAHUAYLAS,14799,70,9,0.3803672511390308,0.3007051016175861,0.14285714285714285,1.33,0.312,1.65,1,1,1,1,0.1594035,0.13775,2.85,0.0,1.52,1,2,0.5263157894736842
15,APURIMAC,ANDAHUAYLAS,HUANCARAY,14881,51,5,0.8288288288288288,0.7239358420727946,0.390625,1.45,0.435,1.65,1,0,0,0,0.04253,0.23,2.7715,0.0,0.0,1,1,1.2245217391304348
16,APURIMAC,ANDAHUAYLAS,KISHUARA,14696,74,8,0.4630872483221477,0.5172413793103449,0.5,1.42,0.215,1.65,1,0,0,0,0.072401,0.1035,1.3386,0.0,0.0,2,1,0.7826086956521741
17,APURIMAC,ANDAHUAYLAS,KISHUARA,14696,129,14,0.6443990978412629,0.6918895173246938,0.3636363636363637,1.42,0.215,1.65,1,0,0,0,0.072401,0.12,2.89,0.0,0.0,2,1,1.05
18,APURIMAC,ANDAHUAYLAS,PACUCHA,14716,4,1,1.0,1.0,0.9090909090909092,1.37,0.303,1.65,1,1,0,0,0.21847800000000003,0.1455,1.0205882352941176,1.0,0.0,1,1,0.5
19,APURIMAC,ANDAHUAYLAS,PACUCHA,14716,24,4,0.9768637532133676,0.8878504672897196,0.7109004739336493,1.37,0.303,1.65,1,1,1,1,0.21847800000000003,0.38,1.4,0.0,0.0,1,1,0.5
20,APURIMAC,ANDAHUAYLAS,PACUCHA,14716,28,5,1.0,1.0,0.9523809523809524,1.37,0.303,1.65,1,1,1,1,0.21847800000000003,0.10099999999999999,2.31,0.0,0.0,1,1,0.5
21,APURIMAC,ANDAHUAYLAS,PACUCHA,14716,83,12,1.0,1.0,0.972762645914397,1.37,0.303,1.65,1,1,1,1,0.21847800000000003,0.14,1.36,0.0,0.0,1,1,0.5
22,APURIMAC,ANDAHUAYLAS,PACUCHA,14716,85,13,1.0,1.0,0.5172413793103449,1.37,0.303,1.65,1,1,1,1,0.21847800000000003,0.1125,1.584,0.0,0.0,1,2,0.5
23,APURIMAC,ANDAHUAYLAS,PACUCHA,14724,8,2,0.9969831053901852,0.9826709796672828,0.9517241379310344,1.37,0.303,1.65,1,0,0,0,0.21847800000000003,0.29741999999999996,1.420108695652174,0.0,0.0,2,1,1.311904761904762
24,APURIMAC,ANDAHUAYLAS,PACUCHA,14724,66,8,0.9848357203032856,0.9419858683525474,0.8271144278606966,1.37,0.303,1.65,1,1,1,1,0.21847800000000003,0.17535,1.6578947368421053,0.0,0.0,2,1,1.1238095238095238
25,APURIMAC,ANDAHUAYLAS,PACUCHA,14724,88,10,1.0,1.0,1.0,1.37,0.303,1.65,1,1,1,1,0.21847800000000003,0.145,1.5238095238095235,0.0,0.0,2,1,1.46
26,APURIMAC,ANDAHUAYLAS,SAN JERONIMO,14751,77,9,1.0,1.0,0.998003992015968,1.34,0.303,1.65,1,0,0,0,0.166757,0.1748,0.8684799999999999,0.0,0.0,1,1,0.6956521739130435
27,APURIMAC,ANDAHUAYLAS,SAN JERONIMO,14755,21,4,0.9481290560132554,0.6118811881188119,0.6938325991189427,1.34,0.303,1.65,1,0,0,0,0.166757,0.10300000000000001,1.8412698412698412,0.0,0.0,1,1,0.63
28,APURIMAC,ANDAHUAYLAS,SAN JERONIMO,14755,60,11,0.8902439024390244,0.8155737704918032,0.4594594594594594,1.34,0.303,1.65,1,0,0,0,0.166757,0.146,2.3294117647058816,0.0,0.0,1,1,0.99
29,APURIMAC,ANDAHUAYLAS,SAN JERONIMO,14755,70,13,0.931098696461825,0.8482216030158991,0.5956112852664576,1.34,0.303,1.65,1,0,0,0,0.166757,0.115,1.5105263157894735,0.0,0.0,1,1,0.45
30,APURIMAC,ANDAHUAYLAS,SAN JERONIMO,14762,109,13,1.0,1.0,1.0,1.34,0.303,1.65,0,0,0,0,0.166757,0.24,1.81875,0.0,0.0,2,1,0.9
31,APURIMAC,ANDAHUAYLAS,SANTA MARIA DE CHICMO,14842,25,5,0.9909798026014772,0.9578651685393258,0.79296875,1.26,0.373,1.65,1,0,0,0,0.1252165,0.15161,1.8309359605911333,0.0,0.02,1,1,1.4156521739130434
32,APURIMAC,ANDAHUAYLAS,SANTA MARIA DE CHICMO,14865,5,2,0.9415204678362572,0.9292035398230089,0.8108108108108109,1.26,0.373,1.65,1,0,0,0,0.1252165,0.322,0.2453333333333333,0.0,0.02,1,1,0.9782608695652174
33,APURIMAC,ANDAHUAYLAS,SANTA MARIA DE CHICMO,14865,61,10,1.0,1.0,1.0,1.26,0.373,1.65,1,0,0,0,0.1252165,0.344,2.080428954423593,0.0,0.02,1,1,3.03
34,APURIMAC,ANDAHUAYLAS,SANTA MARIA DE CHICMO,14870,84,11,0.8910129196873354,0.707395498392283,0.8,1.26,0.373,1.65,0,0,0,0,0.1252165,0.11,1.5,0.0,0.02,1,1,0.36
35,APURIMAC,ANDAHUAYLAS,TALAVERA,14829,68,4,0.9986602682151996,0.9933067502136144,1.0,1.31,0.33299999999999996,1.65,1,1,1,1,0.137992,0.5572,1.5842696629213482,0.0,0.32,2,1,1.0555555555555556
36,APURIMAC,ANDAHUAYLAS,TALAVERA,14838,3,1,0.963883861830199,0.9149219411835896,0.904503105590062,1.31,0.33299999999999996,1.65,1,1,1,1,0.137992,0.11025,1.2167381974248928,0.0,0.32,2,2,0.6857142857142857
37,APURIMAC,ANDAHUAYLAS,TALAVERA,14838,78,13,0.9313022700119474,0.8927282104177411,0.7259100642398287,1.31,0.33299999999999996,1.65,1,1,1,1,0.137992,0.1559,1.2742772861356928,0.0,0.32,2,1,2.8341072182355425
38,AREQUIPA,AREQUIPA,JOSE LUIS BUSTAMANTE Y RIVERO,18893,131,11,0.05725110083910201,0.07623517557292392,0.2083333333333333,1.44,0.012,1.49,0,1,0,1,0.023,0.23,0.0002787878787878788,0.0,9.03,1,1,0.5
39,AREQUIPA,AREQUIPA,TIABAYA,18866,36,4,0.26416539050535986,0.1794071762870515,0.1875,1.42,0.037000000000000005,1.49,1,0,0,0,0.0349,0.345,1.1666666666666663,0.0,0.1,3,1,0.6
40,AREQUIPA,AREQUIPA,VITOR,18955,28,4,0.38461538461538464,0.4545454545454545,0.5,1.37,0.158,1.49,1,0,0,0,0.305,0.15,0.765,0.0,0.0,1,1,0.8
41,AREQUIPA,AREQUIPA,VITOR,18959,41,6,0.38461538461538464,0.3424657534246575,0.5,1.37,0.158,1.49,1,0,0,0,0.305,1.0,2.5,0.0,0.0,1,1,0.5
42,AREQUIPA,AREQUIPA,VITOR,18959,47,7,0.15527950310559005,0.143184421534937,0.1851851851851852,1.37,0.158,1.49,0,0,0,0,0.305,1.25,2.5,0.0,0.0,1,1,0.5
43,AREQUIPA,AREQUIPA,VITOR,18959,88,11,1.0,1.0,1.0,1.37,0.158,1.49,1,0,0,0,0.305,0.15,2.5,0.0,0.0,2,1,0.6
44,AREQUIPA,AREQUIPA,VITOR,18960,51,5,1.0,1.0,1.0,1.37,0.158,1.49,1,1,0,0,0.305,0.3,2.255639097744361,1.0,0.0,1,1,1.2
45,AREQUIPA,AREQUIPA,VITOR,18960,99,12,1.0,1.0,0.5,1.37,0.158,1.49,1,1,0,0,0.305,0.2,3.03030303030303,0.0,0.0,1,1,0.8
46,AREQUIPA,AREQUIPA,YURA,18839,31,6,0.7616974972796517,0.4796573875802998,0.4,1.49,0.065,1.49,1,1,1,1,0.03777,0.35,3.5,0.0,0.08,1,1,0.8
47,AREQUIPA,CARAVELI,ACARI,18504,15,1,0.7058823529411765,0.6753246753246753,0.425,0.7849999999999999,0.843,1.49,1,0,0,0,0.09,0.9,2.647058823529413,0.0,0.0,3,1,1.7
48,AREQUIPA,CASTILLA,HUANCARQUI,18645,44,7,0.7538461538461538,0.7373461012311902,0.4917456972251493,1.39,0.33299999999999996,1.49,1,0,0,0,0.317,1.47,1.05,0.0,0.0,3,1,1.1
49,AREQUIPA,CASTILLA,HUANCARQUI,18645,62,11,0.7083333333333334,0.6351183063511829,0.5000000000000001,1.39,0.33299999999999996,1.49,1,0,0,0,0.317,1.7,1.0143198090692125,0.0,0.0,2,1,0.9
50,AREQUIPA,CASTILLA,MACHAGUAY,18624,43,7,1.0,1.0,1.0,1.5699999999999998,0.52,1.49,1,1,0,0,0.161,0.57,0.5523809523809524,0.0,0.0,3,1,1.0
51,AREQUIPA,CASTILLA,MACHAGUAY,18624,50,9,0.25,0.1111111111111111,0.2857142857142857,1.5699999999999998,0.52,1.49,1,1,0,0,0.161,0.4,0.5,0.0,0.0,2,1,0.7
52,AREQUIPA,CASTILLA,MACHAGUAY,18624,70,13,1.0,1.0,1.0,1.5699999999999998,0.52,1.49,1,1,0,0,0.161,0.145,0.4833333333333333,0.0,0.0,3,1,1.2
53,AREQUIPA,CASTILLA,MACHAGUAY,18624,78,14,0.8064516129032258,0.4545454545454545,0.6385542168674698,1.5699999999999998,0.52,1.49,1,1,0,0,0.161,0.25,0.4962264150943396,0.0,0.0,1,2,1.0
54,AREQUIPA,CAYLLOMA,ACHOMA,18730,57,6,0.7741935483870968,0.5783132530120482,0.5714285714285714,1.64,0.327,1.49,0,0,0,1,0.10619,0.12,1.25,0.0,0.0,2,1,0.4
55,AREQUIPA,CAYLLOMA,ACHOMA,18731,6,1,1.0,1.0,1.0,1.64,0.327,1.49,0,0,0,0,0.10619,0.4,1.7333333333333332,0.0,0.0,1,1,0.8
56,AREQUIPA,CAYLLOMA,HUAMBO,18762,83,9,0.8968609865470852,0.6428571428571429,0.875,1.46,0.37200000000000005,1.49,1,1,1,1,0.032,0.2,8.658008658008658e-05,0.0,0.0,1,1,0.9
57,AREQUIPA,CAYLLOMA,HUAMBO,18762,92,10,0.9090909090909092,0.6464646464646465,0.6666666666666666,1.46,0.37200000000000005,1.49,1,1,1,1,0.032,0.12,0.0001818181818181818,0.0,0.0,1,1,0.8
58,AREQUIPA,CAYLLOMA,LLUTA,18774,71,10,1.0,1.0,1.0,1.45,0.358,1.49,1,1,1,1,0.0338,0.2,0.25806451612903225,0.0,0.0,1,1,1.8
59,AREQUIPA,CAYLLOMA,MACA,18745,3,1,0.9737827715355806,0.9176470588235294,0.6,1.61,0.342,1.49,1,1,1,1,0.043,0.13,0.9,0.0,0.0,2,2,0.6
60,AREQUIPA,CAYLLOMA,MACA,18746,21,2,0.3781512605042017,0.72,0.5315755900489049,1.61,0.342,1.49,1,0,0,0,0.043,0.18,0.72,0.0,0.0,1,1,0.8
61,AREQUIPA,CAYLLOMA,MAJES,18782,8,2,0.2962962962962963,0.6204081632653061,0.5,1.31,0.188,1.49,1,1,1,1,0.70355,0.4,4.0,0.0,0.79,1,1,0.95
62,AREQUIPA,CAYLLOMA,MAJES,18782,13,3,0.375,0.796875,0.5,1.31,0.188,1.49,1,1,0,0,0.70355,0.3,1.5,0.0,0.79,1,1,0.85
63,AREQUIPA,CAYLLOMA,MAJES,18782,41,7,0.26936026936026936,0.18045112781954886,0.38461538461538464,1.31,0.188,1.49,1,1,1,1,0.70355,0.6,2.4,0.0,0.79,1,1,0.5
64,AREQUIPA,CAYLLOMA,MAJES,18782,50,9,0.7407407407407407,0.27586206896551724,0.5,1.31,0.188,1.49,1,1,1,1,0.70355,0.6,2.4,0.0,0.79,1,1,0.8
65,AREQUIPA,CAYLLOMA,MAJES,18782,57,10,0.3806228373702422,0.4885786802030457,0.393939393939394,1.31,0.188,1.49,1,0,0,0,0.70355,0.55,4.615384615384615,0.0,0.79,1,1,0.7
66,AREQUIPA,CAYLLOMA,MAJES,18786,62,10,0.3333333333333333,0.4444444444444444,0.6666666666666666,1.31,0.188,1.49,1,0,0,0,0.70355,0.2,1.5,0.0,0.79,1,1,0.8
67,AREQUIPA,CAYLLOMA,MAJES,18786,85,13,0.967741935483871,0.906040268456376,0.5,1.31,0.188,1.49,0,0,0,0,0.70355,0.9,3.6,0.0,0.79,1,1,0.9
68,AREQUIPA,CAYLLOMA,MAJES,18791,5,1,0.46768060836501896,0.38746937346867344,0.3611111111111111,1.31,0.188,1.49,1,1,1,1,0.70355,0.369,2.8461538461538463,0.0,0.79,1,1,0.9
69,AREQUIPA,CAYLLOMA,MAJES,18791,28,4,1.0,1.0,0.5196078431372549,1.31,0.188,1.49,1,1,1,1,0.70355,0.6785,3.2075471698113205,0.0,0.79,1,1,0.9
70,AREQUIPA,CAYLLOMA,MAJES,18791,41,7,0.14814814814814814,0.4070096099491238,0.20967741935483872,1.31,0.188,1.49,1,0,0,0,0.70355,0.4,3.0769230769230766,0.0,0.79,2,1,0.9
71,AREQUIPA,CAYLLOMA,MAJES,18791,47,8,0.135096497498213,0.20820710548058385,0.14285714285714285,1.31,0.188,1.49,0,0,0,1,0.70355,0.37799999999999995,3.8,0.0,0.79,1,1,0.8
72,AREQUIPA,ISLAY,COCACHACRA,18973,28,4,0.6779661016949152,0.6557377049180327,0.2857142857142857,1.42,0.225,1.49,0,0,0,0,0.3045,1.6,1.3333333333333337,0.0,0.06,2,1,1.2
73,AREQUIPA,ISLAY,COCACHACRA,18973,42,6,0.3921568627450979,0.6610576923076923,0.5,1.42,0.225,1.49,0,0,0,0,0.3045,0.2,1.05,0.0,0.06,1,1,1.1
74,AREQUIPA,ISLAY,COCACHACRA,18973,50,7,0.696798493408663,0.9559179719037624,0.42857142857142855,1.42,0.225,1.49,0,0,0,0,0.3045,0.555,0.7,0.0,0.06,2,1,1.6
75,AREQUIPA,ISLAY,COCACHACRA,18973,57,8,0.5194805194805194,0.5194805194805194,0.5,1.42,0.225,1.49,0,0,0,0,0.3045,0.2,1.0,0.0,0.06,1,1,1.3
76,AREQUIPA,ISLAY,COCACHACRA,18973,88,13,0.5263157894736842,0.4060913705583756,0.5,1.42,0.225,1.49,0,0,0,0,0.3045,0.25,0.65,0.0,0.06,2,1,0.8
77,AREQUIPA,ISLAY,COCACHACRA,18973,91,14,0.75,0.6455696202531646,0.5,1.42,0.225,1.49,0,0,0,0,0.3045,0.24,1.25,0.0,0.06,2,1,0.85
78,AREQUIPA,ISLAY,PUNTA DE BOMBON,18991,3,1,0.6870229007633588,0.5194805194805194,0.3714285714285713,1.42,0.258,1.49,0,0,0,0,0.1648,0.45,3.4615384615384617,0.0,0.08,2,1,0.8
79,AREQUIPA,ISLAY,PUNTA DE BOMBON,18991,9,2,0.4477611940298508,0.3052140737600678,0.16666666666666669,1.42,0.258,1.49,1,0,0,0,0.1648,0.3,3.75,0.0,0.08,2,2,1.2
80,AREQUIPA,ISLAY,PUNTA DE BOMBON,18991,79,8,0.37735849056603776,0.2745995423340961,0.17391304347826084,1.42,0.258,1.49,0,0,0,0,0.1648,0.4,1.0,0.0,0.08,2,1,1.2
81,AREQUIPA,ISLAY,PUNTA DE BOMBON,18991,87,10,0.22304832713754646,0.3395061728395062,0.18867924528301888,1.42,0.258,1.49,0,0,0,0,0.1648,0.3,3.0,0.0,0.08,2,1,1.1
82,AREQUIPA,ISLAY,PUNTA DE BOMBON,18995,8,1,0.22172452407614784,0.1684389621437686,0.17094017094017094,1.42,0.258,1.49,1,0,0,0,0.1648,0.198,1.0,0.0,0.08,2,1,0.8
83,AYACUCHO,CANGALLO,LOS MOROCHUCOS,14116,61,6,0.8349514563106796,0.8302207130730049,0.6363636363636364,0.928,0.117,0.853,1,0,0,0,0.08044,0.43,2.571428571428572,0.0,0.0,3,1,1.15
84,AYACUCHO,CANGALLO,LOS MOROCHUCOS,14136,121,12,1.0,1.0,0.7179487179487181,0.928,0.117,0.853,1,0,0,0,0.08044,0.2784,0.4457142857142857,0.0,0.0,3,1,0.5
85,AYACUCHO,HUAMANGA,ACOCRO,14038,87,11,0.906515580736544,0.638904734740445,0.339622641509434,1.02,0.183,0.853,1,0,1,0,0.35665,0.16,2.0,0.0,0.0,1,1,0.7
86,AYACUCHO,HUAMANGA,ACOCRO,14039,1,1,0.7142857142857143,0.4379562043795621,0.2727272727272727,1.02,0.183,0.853,1,1,1,1,0.35665,0.2,1.3333333333333337,0.0,0.0,1,2,0.6
87,AYACUCHO,HUAMANGA,ACOCRO,14039,4,2,0.9042553191489362,0.6745537567455375,0.5333333333333333,1.02,0.183,0.853,1,1,1,1,0.35665,0.34,1.85,1.0,0.0,1,2,1.85
88,AYACUCHO,HUAMANGA,ACOCRO,14039,34,5,1.0,1.0,1.0,1.02,0.183,0.853,1,0,0,0,0.35665,0.125,1.8,0.0,0.0,1,2,1.85
89,AYACUCHO,HUAMANGA,ACOCRO,14039,69,9,0.964630225080386,0.7821229050279329,0.5882352941176471,1.02,0.183,0.853,1,0,0,0,0.35665,0.12,1.3,0.0,0.0,1,2,0.7
90,AYACUCHO,HUAMANGA,ACOCRO,14056,5,1,0.975609756097561,0.8,0.64,1.02,0.183,0.853,0,0,0,0,0.35665,0.128,1.625,0.0,0.0,1,1,0.5
91,AYACUCHO,HUAMANGA,ACOCRO,14056,15,2,0.8695652173913043,0.4065573770491803,0.2285714285714286,1.02,0.183,0.853,1,0,1,0,0.35665,0.14,1.75,1.0,0.0,2,1,0.9
92,AYACUCHO,HUAMANGA,ACOCRO,14056,41,5,0.9036144578313252,0.5395683453237411,0.7297297297297297,1.02,0.183,0.853,0,0,0,0,0.35665,0.105,0.7777777777777778,0.0,0.0,1,1,0.5
93,AYACUCHO,HUAMANGA,ACOCRO,14056,51,6,0.8997361477572561,0.4892395982783357,0.3870967741935484,1.02,0.183,0.853,0,0,0,0,0.35665,0.1705,1.7416666666666665,0.0,0.0,2,1,0.5
94,AYACUCHO,HUAMANGA,ACOCRO,14056,70,8,1.0,1.0,1.0,1.02,0.183,0.853,0,0,0,0,0.35665,0.16,1.894736842105264,0.0,0.0,2,1,1.605
95,AYACUCHO,HUAMANGA,ACOCRO,14056,98,10,0.9033423667570007,0.5387931034482759,0.5,1.02,0.183,0.853,0,0,0,0,0.35665,0.1,1.2,0.0,0.0,1,1,0.5
96,AYACUCHO,HUAMANGA,ACOCRO,14059,27,1,0.9229534510433388,0.6870818322182193,0.6153846153846154,1.02,0.183,0.853,1,1,0,0,0.35665,0.23,1.0416666666666667,0.0,0.0,1,2,1.2000000000000002
97,AYACUCHO,HUAMANGA,ACOCRO,14059,37,2,0.7142857142857143,0.4226267880364109,0.3137254901960784,1.02,0.183,0.853,1,1,0,0,0.35665,0.175,1.0,0.0,0.0,1,2,0.65
98,AYACUCHO,HUAMANGA,ACOCRO,14059,72,6,0.9233305853256388,0.7795823665893271,0.3636363636363637,1.02,0.183,0.853,1,0,0,0,0.35665,0.11199999999999999,0.65,0.0,0.0,1,2,0.6
99,AYACUCHO,HUAMANGA,ACOCRO,14059,93,8,0.7097232079489,0.5722460658082976,0.35714285714285715,1.02,0.183,0.853,0,0,0,0,0.35665,0.2,0.42,0.0,0.0,1,2,0.6
100,AYACUCHO,HUAMANGA,CHIARA,14033,14,2,0.58,0.3943139678615575,0.38719669592152817,0.938,0.087,0.853,1,1,1,1,0.217704,0.145,2.1333333333333333,1.0,0.0,3,2,0.55
101,AYACUCHO,HUAMANGA,CHIARA,14033,20,3,0.9975062344139652,0.9933774834437086,0.5454545454545454,0.938,0.087,0.853,1,0,0,0,0.217704,0.4,2.9333333333333327,0.0,0.0,2,1,0.3
102,AYACUCHO,HUAMANGA,CHIARA,14033,29,4,0.6176470588235294,0.5803066989507667,0.6,0.938,0.087,0.853,1,1,1,1,0.217704,0.105,1.7333333333333332,0.0,0.0,1,2,1.38
103,AYACUCHO,HUAMANGA,CHIARA,14033,99,9,0.8407398510689407,0.7826747720364742,0.5,0.938,0.087,0.853,1,1,1,1,0.217704,0.35,1.6,0.0,0.0,3,2,1.15
104,AYACUCHO,HUAMANGA,CHIARA,14033,113,10,1.0,1.0,0.2692307692307692,0.938,0.087,0.853,1,1,0,0,0.217704,0.26,1.7714285714285714,0.0,0.0,3,2,1.3199999999999998
105,AYACUCHO,HUAMANGA,CHIARA,14033,146,13,1.0,1.0,1.0,0.938,0.087,0.853,1,1,1,1,0.217704,0.445,1.5753846153846154,1.0,0.0,3,2,1.25
106,AYACUCHO,HUAMANGA,CHIARA,14033,150,14,0.9851301115241636,0.8826405867970659,0.75,0.938,0.087,0.853,1,1,1,1,0.217704,0.265,2.2,0.0,0.0,3,2,1.2999999999999998
107,AYACUCHO,HUAMANGA,SAN JOSE DE TICLLAS,13893,54,6,1.0,1.0,0.8842443729903537,0.8550000000000001,0.12300000000000001,0.853,0,0,0,0,0.039,0.115,0.3090909090909091,0.0,0.0,2,1,0.6
108,AYACUCHO,HUAMANGA,SAN JOSE DE TICLLAS,13893,68,7,1.0,1.0,1.0,0.8550000000000001,0.12300000000000001,0.853,0,0,0,0,0.039,0.13,0.5666666666666668,0.0,0.0,2,1,0.7
109,AYACUCHO,HUAMANGA,VINCHOS,13999,52,7,0.8097165991902834,0.8271824891829982,0.28,0.7929999999999999,0.105,0.853,0,0,0,0,0.0365,0.2,2.7085714285714286,0.0,0.0,1,2,1.8
110,CAJAMARCA,CAJAMARCA,LLACANORA,4223,40,4,0.9848866498740554,0.9783770451368906,0.8673026886383349,1.37,0.038,1.47,0,0,0,0,0.024931000000000002,0.1955,2.346,0.0,0.0,1,2,0.6086956521739131
111,CAJAMARCA,CUTERVO,CUTERVO,2446,97,10,0.9993390614672836,0.9993269015032532,0.9946949602122016,1.6,0.4980000000000001,1.47,1,0,0,0,0.16949,0.1512,2.272,0.0,1.05,1,1,2.875
112,CAJAMARCA,CUTERVO,CUTERVO,2497,63,7,1.0,1.0,0.5828877005347594,1.6,0.4980000000000001,1.47,1,0,1,0,0.16949,0.17,1.6513761467889911,0.0,1.05,2,1,0.6
113,CAJAMARCA,CUTERVO,CUTERVO,2569,64,7,0.9963768115942028,0.9932785660941,0.4807692307692307,1.6,0.4980000000000001,1.47,1,1,1,1,0.16949,0.275,1.5,0.0,1.05,2,2,2.9
114,CAJAMARCA,CUTERVO,CUTERVO,2569,90,9,1.0,1.0,0.998185117967332,1.6,0.4980000000000001,1.47,1,0,1,0,0.16949,0.303,1.5090909090909093,0.0,1.05,2,2,0.7
115,CUSCO,ANTA,LIMATAMBO,15547,91,11,0.9488084730803178,0.7258609047940581,0.5,1.89,0.17300000000000001,2.06,1,0,0,0,0.06762,0.215,0.00017557251908396947,0.0,0.0,1,1,0.5
116,CUSCO,ANTA,LIMATAMBO,15547,115,13,0.8525149190110827,0.6405693950177936,0.3333333333333333,1.89,0.17300000000000001,2.06,1,0,0,0,0.06762,0.12,1.5,0.0,0.0,1,1,0.72
117,CUSCO,ANTA,LIMATAMBO,15560,40,6,0.6870483602001112,0.7564971751412428,0.5,1.89,0.17300000000000001,2.06,1,0,0,0,0.06762,0.1236,0.000144,0.0,0.0,2,1,1.0833333333333333
118,CUSCO,PARURO,HUANOQUITE,16238,36,4,0.9381588193956428,0.8371363873889567,0.4995655951346655,2.17,0.155,2.06,1,0,0,0,0.03228,0.1068,5.2173913043478256e-05,0.0,0.0,1,2,0.9
119,CUSCO,URUBAMBA,CHINCHERO,15780,61,8,1.0,1.0,0.6390532544378699,2.04,0.078,2.06,0,0,0,0,0.041995,0.166,0.00017037037037037034,0.0,0.0,1,1,2.1
120,CUSCO,URUBAMBA,CHINCHERO,15780,113,13,1.0,1.0,1.0,2.04,0.078,2.06,0,0,1,1,0.041995,0.10395,0.3391666666666667,0.0,0.0,1,2,1.5454545454545454
121,HUANCAVELICA,ACOBAMBA,CAJA,13215,126,12,0.8286140089418778,0.5977851843887754,0.4680851063829787,0.9670000000000001,0.278,0.602,1,0,0,0,0.01112,0.1112,0.636,0.0,0.0,1,1,0.5
122,HUANCAVELICA,ANGARAES,CALLANMARCA,13237,33,5,0.7446808510638298,0.5980739989863153,0.5851593625498008,0.853,0.255,0.602,1,1,0,0,0.01568,0.147,0.3097872340425532,1.0,0.0,1,2,4.2
123,HUANCAVELICA,HUANCAVELICA,ACORIA,13373,81,9,0.8606195201101593,0.7571008342576072,0.35294117647058826,0.738,0.13799999999999998,0.602,1,0,0,0,0.02992,0.16399999999999998,0.4,0.0,0.0,2,2,1.5
124,HUANCAVELICA,TAYACAJA,COLCABAMBA,12953,63,5,0.5170940170940171,0.2360172095881992,0.3333333333333333,0.8300000000000001,0.4,0.602,0,0,0,0,0.26055,0.121,1.2666666666666664,0.0,0.02,2,2,2.3
125,HUANCAVELICA,TAYACAJA,COLCABAMBA,12972,14,1,0.9977890992982792,0.991617538688283,0.9711516270482344,0.8300000000000001,0.4,0.602,1,0,0,0,0.26055,0.2076,0.6392585551330798,0.0,0.02,2,1,3.0
126,HUANCAVELICA,TAYACAJA,COLCABAMBA,12972,20,2,0.9739130434782608,0.9227600411946448,0.6355932203389831,0.8300000000000001,0.4,0.602,1,0,0,0,0.26055,0.11199999999999999,1.9866666666666668,0.0,0.02,2,1,1.3
127,HUANCAVELICA,TAYACAJA,COLCABAMBA,12972,60,6,0.946808510638298,0.8894601542416453,0.713302752293578,0.8300000000000001,0.4,0.602,1,0,0,0,0.26055,0.17800000000000002,1.0289389067524115,0.0,0.02,1,1,1.6
128,HUANCAVELICA,TAYACAJA,COLCABAMBA,12972,75,9,0.936088623775032,0.8604001861330851,0.9435155896972436,0.8300000000000001,0.4,0.602,1,0,0,0,0.26055,0.2197,0.6082375478927202,0.0,0.02,2,1,4.2
129,HUANCAVELICA,TAYACAJA,COLCABAMBA,12972,94,11,0.6356275303643725,0.4118878191712013,0.536097212294496,0.8300000000000001,0.4,0.602,0,0,0,0,0.26055,0.314,0.6666666666666667,0.0,0.02,2,1,1.25
130,HUANCAVELICA,TAYACAJA,COLCABAMBA,12972,114,14,1.0,1.0,1.0,0.8300000000000001,0.4,0.602,0,0,0,0,0.26055,0.11,0.4336882865440464,0.0,0.02,2,1,4.775
131,HUANCAVELICA,TAYACAJA,COLCABAMBA,12978,126,13,0.9541284403669724,0.928735632183908,0.7919725893294174,0.8300000000000001,0.4,0.602,1,1,0,0,0.26055,0.13,0.8034610630407911,0.0,0.02,1,1,1.5
132,HUANCAVELICA,TAYACAJA,COLCABAMBA,12978,132,14,0.9192825112107624,0.8717948717948718,0.5786375105130361,0.8300000000000001,0.4,0.602,1,0,0,0,0.26055,0.205,0.8684593023255813,0.0,0.02,2,1,1.9
133,HUANCAVELICA,TAYACAJA,HUARIBAMBA,12990,38,6,0.6288302691180389,0.3982002249718785,0.4270849510793601,0.6900000000000001,0.29300000000000004,0.602,0,0,0,0,0.0336,0.23600000000000002,0.4909090909090909,0.0,0.0,2,1,0.3
134,HUANUCO,HUAMALIES,LLATA,9728,58,8,0.9049671127239736,0.8867084766336233,0.8447204968944099,0.877,0.4320000000000001,0.82,0,0,0,0,0.08241,0.39899999999999997,1.323529411764706,0.0,0.12,2,1,2.025
135,HUANUCO,HUANUCO,CHINCHAO,10008,47,5,0.44642857142857145,0.3944773175542407,0.18604651162790686,1.01,0.183,0.82,0,0,0,0,0.367135,0.4,4.0,0.0,0.09,3,1,1.0
136,HUANUCO,HUANUCO,CHINCHAO,10008,97,11,1.0,1.0,1.0,1.01,0.183,0.82,1,1,1,1,0.367135,0.2984,1.28,0.0,0.09,3,1,1.1875
137,HUANUCO,HUANUCO,CHINCHAO,10024,117,5,1.0,1.0,1.0,1.01,0.183,0.82,1,0,0,0,0.367135,0.196,2.3236923076923084,1.0,0.09,1,2,0.875
138,HUANUCO,HUANUCO,CHINCHAO,10024,141,6,0.6862745098039216,0.6183745583038869,0.4854368932038835,1.01,0.183,0.82,1,1,1,1,0.367135,0.1575,3.6,0.0,0.09,3,1,0.8888888888888888
139,HUANUCO,HUANUCO,CHINCHAO,10024,235,11,0.4280821917808219,0.2359742788036104,0.3076923076923077,1.01,0.183,0.82,1,0,1,0,0.367135,0.1,2.44,0.0,0.09,3,1,0.8
140,HUANUCO,HUANUCO,CHINCHAO,10024,263,12,0.818815331010453,0.8105765062852189,0.4705882352941176,1.01,0.183,0.82,1,1,0,0,0.367135,0.47,3.06,0.0,0.09,3,1,2.2
141,HUANUCO,HUANUCO,CHINCHAO,10025,52,6,0.9219079955281356,0.7797778628877825,0.6421319796954315,1.01,0.183,0.82,0,0,0,0,0.367135,0.22265,0.6027667984189723,0.0,0.09,2,1,3.350065231572081
142,HUANUCO,HUANUCO,CHINCHAO,10025,71,8,0.8105872622001654,0.4633546483030005,0.631578947368421,1.01,0.183,0.82,0,0,0,0,0.367135,0.196,0.4733333333333333,0.0,0.09,2,1,1.9
143,HUANUCO,HUANUCO,CHINCHAO,10025,88,9,0.8312958435207825,0.6771565046361337,0.5,1.01,0.183,0.82,0,0,0,0,0.367135,0.17,0.76,0.0,0.09,2,1,1.55
144,HUANUCO,HUANUCO,CHINCHAO,10025,90,10,0.5591882750845547,0.4144144144144144,0.3981481481481481,1.01,0.183,0.82,0,0,0,0,0.367135,0.496,1.2790697674418603,0.0,0.09,2,1,2.6
145,HUANUCO,HUANUCO,CHINCHAO,10025,92,11,0.9790209790209792,0.9395973154362416,0.8,1.01,0.183,0.82,0,0,0,0,0.367135,0.11199999999999999,0.6,0.0,0.09,2,1,0.4
146,HUANUCO,HUANUCO,HUANUCO,10108,65,8,0.8597748208802457,0.6059776079957716,0.4556962025316456,0.8300000000000001,0.0,0.82,1,0,0,0,0.021,0.21,2.444444444444444,0.0,0.64,1,1,0.6005238095238096
147,HUANUCO,PACHITEA,PANAO,9968,44,8,0.8229915088177662,0.8458311869894768,0.5838847800700662,1.0,0.17300000000000001,0.82,1,0,0,0,1.2179799999999998,0.441,3.266666666666667,0.0,0.04,3,1,2.9
148,HUANUCO,PACHITEA,PANAO,9968,70,12,0.9863636363636364,0.9779179810725552,0.4545454545454545,1.0,0.17300000000000001,0.82,1,0,0,0,1.2179799999999998,0.217,5.4,0.0,0.04,1,1,1.0
149,HUANUCO,PACHITEA,PANAO,9972,8,1,0.9790660225442834,0.9293083683607184,0.4444444444444444,1.0,0.17300000000000001,0.82,1,0,0,0,1.2179799999999998,0.608,4.0,0.0,0.04,2,1,0.4
150,HUANUCO,PACHITEA,PANAO,9972,23,2,1.0,1.0,1.0,1.0,0.17300000000000001,0.82,1,0,0,0,1.2179799999999998,0.322,0.875,0.0,0.04,3,1,0.6
151,HUANUCO,PACHITEA,PANAO,9972,26,3,0.98718557190318,0.9650224215246636,0.9,1.0,0.17300000000000001,0.82,0,0,0,0,1.2179799999999998,0.8320000000000001,1.0133333333333334,0.0,0.04,1,1,0.775
152,HUANUCO,PACHITEA,PANAO,9972,32,5,0.9661750884928548,0.954163623082542,0.7634753397465261,1.0,0.17300000000000001,0.82,1,1,0,0,1.2179799999999998,0.44,1.04,0.0,0.04,3,1,0.475
153,HUANUCO,PACHITEA,PANAO,9972,56,7,1.0,1.0,1.0,1.0,0.17300000000000001,0.82,1,0,0,0,1.2179799999999998,0.24,0.9493333333333334,0.0,0.04,2,1,0.8125
154,HUANUCO,PACHITEA,PANAO,9972,70,8,1.0,1.0,1.0,1.0,0.17300000000000001,0.82,1,0,0,0,1.2179799999999998,0.161,1.05,0.0,0.04,3,1,0.4
155,HUANUCO,PACHITEA,PANAO,9972,81,9,0.9816326530612244,0.9853515625,0.9166666666666666,1.0,0.17300000000000001,0.82,0,0,0,0,1.2179799999999998,0.48100000000000004,1.9927272727272731,0.0,0.04,1,1,0.8714285714285714
156,HUANUCO,PACHITEA,PANAO,9972,93,10,1.0,1.0,0.9213759213759212,1.0,0.17300000000000001,0.82,0,0,0,0,1.2179799999999998,0.405,3.0,0.0,0.04,1,1,0.9066666666666668
157,HUANUCO,PACHITEA,PANAO,9972,106,11,0.9957924263674616,0.9928603302097276,0.8785942492012779,1.0,0.17300000000000001,0.82,0,0,0,0,1.2179799999999998,0.284,0.3272727272727273,0.0,0.04,1,1,0.8125
158,HUANUCO,PACHITEA,PANAO,9972,132,13,0.9063444108761328,0.8547008547008547,0.6149116064565718,1.0,0.17300000000000001,0.82,0,0,0,0,1.2179799999999998,0.48,0.75,0.0,0.04,1,1,0.4
159,HUANUCO,PACHITEA,PANAO,9972,146,14,1.0,1.0,1.0,1.0,0.17300000000000001,0.82,1,0,0,0,1.2179799999999998,0.3675,0.6230769230769232,0.0,0.04,3,1,0.9466666666666668
160,HUANUCO,PACHITEA,PANAO,9975,7,1,0.9339887640449438,0.9452736318407958,0.6551724137931034,1.0,0.17300000000000001,0.82,1,0,0,0,1.2179799999999998,0.266,2.8736842105263163,0.0,0.04,3,1,1.1428571428571428
161,HUANUCO,PACHITEA,PANAO,9975,10,2,1.0,1.0,1.0,1.0,0.17300000000000001,0.82,1,0,0,0,1.2179799999999998,0.11900000000000001,2.644444444444444,0.0,0.04,3,2,1.8571428571428568
162,HUANUCO,PACHITEA,PANAO,9975,28,5,0.587026709715292,0.56657223796034,0.3636363636363637,1.0,0.17300000000000001,0.82,1,0,0,0,1.2179799999999998,1.4,3.5,0.0,0.04,3,1,1.0285714285714285
163,HUANUCO,PACHITEA,PANAO,9975,40,6,0.9932432432432432,0.9767441860465116,0.8,1.0,0.17300000000000001,0.82,1,1,0,0,1.2179799999999998,0.2646,2.66,0.0,0.04,3,1,0.8571428571428571
164,HUANUCO,PACHITEA,PANAO,9975,59,8,0.9774162214667316,0.9771386430678466,0.8571428571428571,1.0,0.17300000000000001,0.82,1,0,0,0,1.2179799999999998,0.805,2.765,0.0,0.04,3,1,1.4285714285714284
165,HUANUCO,PACHITEA,PANAO,9975,82,11,0.8247422680412371,0.8547008547008547,0.7621951219512195,1.0,0.17300000000000001,0.82,1,0,0,0,1.2179799999999998,0.56,2.975,0.0,0.04,3,2,1.0
166,HUANUCO,PACHITEA,PANAO,9975,103,13,0.9996717005909388,0.9988518943742823,0.7743933918430562,1.0,0.17300000000000001,0.82,1,0,0,0,1.2179799999999998,0.609,4.386666666666666,0.0,0.04,3,1,0.8571428571428571
167,HUANUCO,PACHITEA,PANAO,9984,6,1,0.7592190889370932,0.7072135785007072,0.6004803843074459,1.0,0.17300000000000001,0.82,1,0,0,0,1.2179799999999998,0.14,2.0533333333333332,0.0,0.04,3,1,0.7142857142857143
168,HUANUCO,PACHITEA,PANAO,9984,13,2,0.967741935483871,0.9584664536741214,0.8,1.0,0.17300000000000001,0.82,1,0,0,0,1.2179799999999998,0.21,2.24,0.0,0.04,3,1,0.7142857142857143
169,HUANUCO,PACHITEA,PANAO,9984,22,4,0.9569377990430622,0.9587727708533078,0.6666666666666666,1.0,0.17300000000000001,0.82,1,0,0,0,1.2179799999999998,0.28,2.464,0.0,0.04,1,1,0.7142857142857143
170,HUANUCO,PACHITEA,PANAO,9984,41,6,0.9270959902794652,0.9784560143626572,0.8239171374764597,1.0,0.17300000000000001,0.82,0,0,0,0,1.2179799999999998,0.3815,2.28,0.0,0.04,3,1,0.7142857142857143
171,HUANUCO,PACHITEA,PANAO,9984,52,8,0.5592196934509986,0.4811996418979409,0.45,1.0,0.17300000000000001,0.82,0,0,0,0,1.2179799999999998,0.602,2.8,0.0,0.04,3,1,0.7142857142857143
172,HUANUCO,PACHITEA,PANAO,9984,72,11,0.8351648351648352,0.8444444444444444,0.529688972667295,1.0,0.17300000000000001,0.82,1,0,0,0,1.2179799999999998,0.133,2.7402135231316724,0.0,0.04,1,1,0.7142857142857143
173,HUANUCO,PACHITEA,PANAO,9984,81,12,0.7506702412868632,0.7763975155279503,0.4,1.0,0.17300000000000001,0.82,1,1,0,0,1.2179799999999998,0.14,2.0533333333333332,0.0,0.04,3,1,0.7142857142857143
174,HUANUCO,PACHITEA,PANAO,9984,90,13,0.8927859705061778,0.9132420091324199,0.6511627906976744,1.0,0.17300000000000001,0.82,0,0,0,0,1.2179799999999998,0.336,2.66,0.0,0.04,3,1,0.7142857142857143
175,HUANUCO,PACHITEA,PANAO,9984,98,14,0.4817204301075269,0.3925417075564279,0.3333333333333333,1.0,0.17300000000000001,0.82,0,0,0,0,1.2179799999999998,0.11199999999999999,2.52,0.0,0.04,3,1,0.7142857142857143
176,HUANUCO,PACHITEA,PANAO,9989,57,6,1.0,1.0,0.7751937984496123,1.0,0.17300000000000001,0.82,1,1,0,0,1.2179799999999998,0.11199999999999999,2.59,0.0,0.04,1,1,0.5
177,HUANUCO,YAROWILCA,CHORAS,10280,68,6,0.9896907216494846,0.9908496732026144,0.9273889050246876,1.04,0.253,0.82,0,0,0,0,0.09695,0.768,2.668336987159411,0.0,0.0,1,1,3.1
178,JUNIN,CHUPACA,CHUPACA,11779,12,2,0.25420254202542025,0.13759431868619618,0.24390243902439024,0.575,0.037000000000000005,0.645,1,0,1,0,0.094855,0.31,0.64,0.0,0.41,3,1,1.0
179,JUNIN,CONCEPCION,NUEVE DE JULIO,11680,34,6,0.7362637362637363,0.6614950634696756,0.5547736335913677,0.55,0.062,0.645,1,0,1,0,0.0531,0.335,1.4164904862579282,0.0,0.0,3,1,1.05
180,JUNIN,CONCEPCION,ORCOTUNA,11705,7,1,0.9389312977099236,0.8907103825136612,0.5169082125603864,0.55,0.048,0.645,1,0,0,0,0.02114,0.12300000000000001,1.4392523364485983,0.0,0.0,2,2,1.7
181,JUNIN,JAUJA,APATA,11496,41,9,0.18754688672168046,0.13537498871875095,0.14285714285714285,0.545,0.08800000000000001,0.645,1,0,0,0,0.04115,0.15,1.72,0.0,0.0,3,1,0.6
182,JUNIN,JUNIN,ULCUMAYO,10900,69,8,1.0,1.0,1.0,0.583,0.41,0.645,1,0,0,0,0.11181500000000001,0.154,0.205625,0.0,0.0,1,1,0.5
183,JUNIN,TARMA,HUASAHUASI,10943,51,8,0.5545102379634754,0.4252873563218391,0.5220417633410672,0.693,0.445,0.645,0,0,0,0,0.08565,0.2004,1.3333333333333337,0.0,0.12,1,1,0.9
184,JUNIN,TARMA,HUASAHUASI,10943,86,12,0.8810572687224669,0.6896551724137931,0.8,0.693,0.445,0.645,0,0,0,0,0.08565,0.2,1.0,0.0,0.12,1,1,0.6
185,JUNIN,TARMA,HUASAHUASI,10943,98,14,0.9369024856596558,0.7601744186046512,0.7758620689655172,0.693,0.445,0.645,0,0,0,0,0.08565,0.196,2.5866666666666664,0.0,0.12,1,1,0.9
186,JUNIN,TARMA,PALCAMAYO,10951,80,8,1.0,1.0,1.0,0.5269999999999999,0.28500000000000003,0.645,1,0,0,0,0.02694,0.18,1.6363636363636362,0.0,0.0,3,1,0.9666666666666668
187,JUNIN,TARMA,TAPO,11000,12,3,0.954070981210856,0.9239748118568576,0.9299474605954464,0.5700000000000001,0.3,0.645,0,0,0,0,0.09129,0.2742,1.0553672316384182,0.0,0.0,1,1,2.829938271604938
188,JUNIN,TARMA,TAPO,11000,58,8,0.84375,0.7697368421052632,0.7297297297297297,0.5700000000000001,0.3,0.645,0,0,0,0,0.09129,0.162,1.4222222222222218,0.0,0.0,1,1,0.7166666666666667
189,JUNIN,TARMA,TAPO,11000,71,10,0.8786610878661087,0.7814070351758794,0.5454545454545455,0.5700000000000001,0.3,0.645,0,0,0,0,0.09129,0.126,2.3,0.0,0.0,1,1,0.9666666666666668
190,LA LIBERTAD,JULCAN,CALAMARCA,7566,3,1,0.4566728123670402,0.2963485623566767,0.24186721489902044,1.04,0.412,0.853,1,0,1,0,0.05701799999999999,0.1288,0.92,0.0,0.0,1,1,0.7826086956521741
191,LA LIBERTAD,JULCAN,CALAMARCA,7567,84,10,0.8533333333333334,0.7841001905799074,0.4444444444444444,1.04,0.412,0.853,1,0,0,0,0.05701799999999999,0.184,1.15,0.0,0.0,1,1,0.7826086956521741
192,LA LIBERTAD,JULCAN,JULCAN,7546,152,14,0.8937256809338522,0.7364341085271318,0.3333333333333333,1.03,0.228,0.853,1,0,0,0,0.09308175,0.18375,2.87,0.0,0.0,1,1,0.72
193,LA LIBERTAD,OTUZCO,AGALLPAMPA,7354,33,4,0.9603022543735564,0.8694195050535339,0.7666517657577111,0.975,0.172,0.853,1,1,0,0,0.054685000000000004,0.5363,1.7653061224489797,0.0,0.0,3,1,2.59
194,LA LIBERTAD,OTUZCO,CHARAT,7265,4,2,1.0,1.0,1.0,1.1,0.305,0.853,1,0,0,0,0.035732,0.10166,1.8562992125984248,0.0,0.0,1,1,1.6086956521739129
195,LA LIBERTAD,OTUZCO,CHARAT,7265,22,5,1.0,1.0,1.0,1.1,0.305,0.853,1,0,0,0,0.035732,0.138,1.955,0.0,0.0,1,1,0.6956521739130435
196,LA LIBERTAD,OTUZCO,HUARANCHAL,7274,24,2,0.9913793103448276,0.9795454545454544,0.5098039215686274,1.29,0.47,0.853,1,1,0,0,0.014570500000000002,0.13225,1.3711538461538462,0.0,0.0,1,1,3.391304347826087
197,LA LIBERTAD,OTUZCO,MACHE,7385,76,9,0.8187134502923976,0.6590627858180449,0.4342857142857143,1.0,0.2,0.853,1,1,0,0,0.0407685,0.28,1.8,0.0,0.0,1,1,0.4375
198,LA LIBERTAD,OTUZCO,OTUZCO,7218,24,4,0.9827362969356928,0.9252336448598132,0.9,0.982,0.17800000000000002,0.853,1,0,0,0,0.0978655,0.11385,1.3416666666666663,0.0,0.1,1,2,0.43478260869565216
199,LA LIBERTAD,OTUZCO,OTUZCO,7218,99,12,1.0,1.0,1.0,0.982,0.17800000000000002,0.853,1,0,0,0,0.0978655,0.1518,1.5333333333333337,0.0,0.1,1,1,0.7826086956521741
200,LA LIBERTAD,OTUZCO,OTUZCO,7245,4,1,1.0,1.0,1.0,0.982,0.17800000000000002,0.853,0,0,0,0,0.0978655,0.135,1.8005,0.0,0.1,1,1,0.5
201,LA LIBERTAD,OTUZCO,USQUIL,7328,36,6,0.9875972320853496,0.9980806142034548,0.6474820143884893,1.08,0.29,0.853,1,0,0,0,0.0300924,0.1495,1.7729166666666667,0.0,0.0,1,1,0.3478260869565217
202,LA LIBERTAD,SANCHEZ CARRION,CURGOS,7840,92,12,0.934640522875817,0.6875,0.4166666666666667,1.23,0.447,0.853,1,0,0,0,0.062091999999999994,0.16445,1.61,0.0,0.01,1,2,0.43478260869565216
203,LIMA,BARRANCA,BARRANCA,12023,2,1,0.6927281583172479,0.6804479938141091,0.3837128575395724,0.33,0.313,0.052000000000000005,1,1,0,0,1.5905,1.92,3.473855617875881,0.0,9.79,3,1,0.88
204,LIMA,BARRANCA,BARRANCA,12023,20,3,0.8181818181818182,0.4002998500749625,0.375,0.33,0.313,0.052000000000000005,1,0,0,0,1.5905,0.9,3.0,0.0,9.79,3,1,0.89
205,LIMA,BARRANCA,BARRANCA,12023,28,4,0.7932692307692307,0.4898425770053232,0.375,0.33,0.313,0.052000000000000005,1,1,1,1,1.5905,0.99,3.3,0.0,9.79,3,1,0.87
206,LIMA,BARRANCA,BARRANCA,12023,71,8,0.6832971800433839,0.5517120588492863,0.3240740740740741,0.33,0.313,0.052000000000000005,1,0,1,0,1.5905,1.575,4.5,0.0,9.79,3,1,1.2
207,LIMA,BARRANCA,BARRANCA,12023,98,10,0.4827586206896552,0.2296222664015905,0.2547770700636943,0.33,0.313,0.052000000000000005,1,0,0,0,1.5905,0.42,2.625,0.0,9.79,3,1,1.1
208,LIMA,BARRANCA,BARRANCA,12023,108,14,0.7352941176470589,0.7262474367737526,0.5,0.33,0.313,0.052000000000000005,1,0,0,0,1.5905,0.5,2.7777777777777777,0.0,9.79,3,1,0.85
209,LIMA,BARRANCA,PATIVILCA,12009,30,6,0.404040404040404,0.4475043029259897,0.11422044545973732,0.33,0.313,0.052000000000000005,1,0,0,0,0.1898,0.6,3.0,0.0,0.65,2,1,1.3
210,LIMA,BARRANCA,PATIVILCA,12009,35,7,0.6071946484539459,0.6438092876185753,0.249944865103286,0.33,0.313,0.052000000000000005,1,0,0,0,0.1898,1.298,3.8235294117647065,0.0,0.65,3,1,1.2
211,LIMA,HUARAL,CHANCAY,12214,42,8,0.19441636208103275,0.17079359767999555,0.09080590238365494,0.16499999999999998,0.152,0.052000000000000005,1,0,1,0,0.0858,0.25,3.125,0.0,0.32,3,1,0.98
212,LIMA,HUARAL,CHANCAY,12214,44,9,0.7326007326007326,0.6692560501942038,0.5,0.16499999999999998,0.152,0.052000000000000005,1,0,0,0,0.0858,0.32,2.1333333333333333,0.0,0.32,3,1,0.7
213,LIMA,HUARAL,CHANCAY,12214,55,10,0.7422680412371134,0.7503256621797655,0.5,0.16499999999999998,0.152,0.052000000000000005,1,0,0,0,0.0858,0.28800000000000003,2.636363636363636,0.0,0.32,3,1,0.96
214,LIMA,LIMA,CARABAYLLO,12273,61,7,0.4015374550212627,0.2208925679323376,0.19047619047619047,0.077,0.06,0.052000000000000005,1,0,0,0,0.0491,0.491,2.5,0.0,1.39,3,1,1.0
215,MOQUEGUA,MARISCAL NIETO,MOQUEGUA,19101,37,2,1.0,1.0,0.5,1.5699999999999998,0.0,1.63,1,1,1,1,0.03535,0.15,1.5,0.0,1.23,1,1,1.0
216,PASCO,PASCO,NINACACA,10712,7,1,0.32845744680851063,0.19649960222752585,0.4444444444444444,0.528,0.098,0.615,1,0,0,0,0.094115,0.1729,0.000252,0.0,0.0,3,1,0.42857142857142855
217,PASCO,PASCO,NINACACA,10712,31,5,0.669260700389105,0.4644464446444645,0.6,0.528,0.098,0.615,1,0,0,0,0.094115,0.1204,0.0002403333333333333,0.0,0.0,3,1,0.42857142857142855
218,PASCO,PASCO,NINACACA,10712,44,7,0.6177215189873417,0.4703303127740427,0.5652173913043478,0.528,0.098,0.615,1,0,0,0,0.094115,0.1708,0.00025846153846153846,0.0,0.0,3,1,0.9285714285714286
219,PASCO,PASCO,NINACACA,10712,61,10,0.7725490196078432,0.6532137518684604,0.75,0.528,0.098,0.615,1,0,0,0,0.094115,0.1379,0.000224,0.0,0.0,3,1,0.9285714285714286
220,PASCO,PASCO,PAUCARTAMBO,10679,58,9,0.6338582677165354,0.38205980066445183,0.6,0.627,0.213,0.615,1,0,0,0,0.42808999999999997,0.1127,0.00028,0.0,0.08,1,2,0.35714285714285715
221,PASCO,PASCO,PAUCARTAMBO,10679,92,12,0.6899563318777293,0.6403242147923001,0.6875,0.627,0.213,0.615,1,0,1,0,0.42808999999999997,0.1106,0.00027363636363636365,0.0,0.08,3,1,1.1428571428571428
222,PASCO,PASCO,PAUCARTAMBO,10690,12,1,0.8542963885429639,0.5629272666143673,0.6363636363636364,0.627,0.213,0.615,0,0,0,0,0.42808999999999997,0.1372,0.00043,0.0,0.08,3,1,0.7571428571428571
223,PASCO,PASCO,PAUCARTAMBO,10693,72,11,0.9942252165543792,0.9821343496903288,0.8378718056137411,0.627,0.213,0.615,1,1,0,0,0.42808999999999997,0.5165,0.0005269999999999999,0.0,0.08,1,1,2.8857142857142857
224,PASCO,PASCO,PAUCARTAMBO,10693,88,13,0.3869090909090909,0.20813170921630791,0.2463768115942029,0.627,0.213,0.615,1,0,0,0,0.42808999999999997,0.266,0.00025882352941176474,0.0,0.08,3,1,2.1
225,PASCO,PASCO,PAUCARTAMBO,10698,4,2,0.8794871794871795,0.8855348460291734,0.5,0.627,0.213,0.615,1,0,0,0,0.42808999999999997,0.1715,0.00028,0.0,0.08,3,1,2.5285714285714285
226,PASCO,PASCO,PAUCARTAMBO,10698,9,3,0.986378581493659,0.9904293616647644,0.9230769230769232,0.627,0.213,0.615,1,0,0,0,0.42808999999999997,0.105,0.0002216666666666667,0.0,0.08,3,1,1.9428571428571428
227,PASCO,PASCO,PAUCARTAMBO,10698,20,4,0.5521885521885522,0.36830285530959256,0.4390243902439024,0.627,0.213,0.615,1,0,1,0,0.42808999999999997,0.1148,0.0003111111111111111,0.0,0.08,3,2,0.5
228,PASCO,PASCO,PAUCARTAMBO,10701,67,8,1.0,1.0,1.0,0.627,0.213,0.615,1,0,0,0,0.42808999999999997,0.3031,2.071176470588235,0.0,0.08,3,1,0.7857142857142857
229,PASCO,PASCO,PAUCARTAMBO,10701,85,11,1.0,1.0,1.0,0.627,0.213,0.615,1,0,0,0,0.42808999999999997,0.18899999999999997,2.2326315789473687,0.0,0.08,3,1,1.5
230,TACNA,TACNA,CALANA,19215,170,4,0.8614564831261101,0.7633587786259542,1.0,1.78,0.03,1.7899999999999998,0,0,0,0,0.08800000000000001,0.19399999999999998,1.56,0.0,0.0,1,2,2.1
231,TACNA,TACNA,CALANA,19217,20,2,0.3193440500593376,0.2766355140186916,0.3478260869565217,1.78,0.03,1.7899999999999998,1,0,0,0,0.08800000000000001,0.37,1.875,0.0,0.0,1,1,0.7
232,TACNA,TACNA,CALANA,19217,108,11,0.7546218487394958,0.7850901654582636,0.625,1.78,0.03,1.7899999999999998,1,0,0,0,0.08800000000000001,0.2245,1.8,1.0,0.0,1,1,1.7
233,TACNA,TACNA,POCOLLAY,19231,51,4,0.31700079612072085,0.2413624572352344,0.3333333333333333,1.7600000000000002,0.013,1.7899999999999998,1,0,0,0,0.03275,0.21899999999999997,1.9260869565217391,0.0,0.4,1,1,2.9
234,TACNA,TACNA,TACNA,19239,46,8,0.7988338192419825,0.6272415108737123,0.9953550099535502,1.75,0.0,1.7899999999999998,1,1,0,0,0.04548,0.3288,1.1,0.0,7.95,3,1,1.0
